date,futures_id,contract_date,open,max,min,close,漲跌價,漲跌%,volume,settlement_price,open_interest,最後最佳買價,最後最佳賣價,歷史最高價,歷史最低價,是否因訊息面暫停交易,trading_session,價差對單式委託成交量,sess
2023/07/24,TX,202308,16952.0,16972.0,16890.0,16912.0,-35,-0.21%,45841,,,16911,16913,17327,15631,,盤後,,after
2023/07/24,TX,202308,16947.0,17024.0,16866.0,16981.0,34,0.20%,94583,16979.0,71083.0,16981,16982,17327,15631,,一般,,day
2023/07/25,TX,202308,16980.0,17095.0,16973.0,17083.0,104,0.61%,36119,,,17081,17082,17327,15631,,盤後,,after
2023/07/25,TX,202308,17091.0,17225.0,17054.0,17180.0,201,1.18%,92668,17182.0,76847.0,17178,17182,17327,15631,,一般,,day
2023/07/26,TX,202308,17199.0,17266.0,17193.0,17248.0,66,0.38%,31276,,,17246,17249,17327,15631,,盤後,,after
2023/07/26,TX,202308,17206.0,17208.0,17078.0,17102.0,-80,-0.47%,92561,17100.0,75333.0,17100,17102,17327,15631,,一般,,day
2023/07/27,TX,202308,17109.0,17197.0,17033.0,17143.0,43,0.25%,56323,,,17138,17142,17327,15631,,盤後,,after
2023/07/27,TX,202308,17183.0,17263.0,17168.0,17221.0,121,0.71%,91001,17223.0,75049.0,17220,17222,17327,15631,,一般,,day
2023/07/28,TX,202308,17234.0,17333.0,17111.0,17154.0,-69,-0.40%,59816,,,17148,17155,17333,15631,,盤後,,after
2023/07/28,TX,202308,17155.0,17299.0,17135.0,17262.0,39,0.23%,105980,17262.0,75230.0,17262,17265,17333,15631,,一般,,day
2023/07/31,TX,202308,17289.0,17386.0,17276.0,17379.0,117,0.68%,48743,,,17379,17381,17386,15631,,盤後,,after
2023/07/31,TX,202308,17400.0,17425.0,17058.0,17100.0,-162,-0.94%,130814,17103.0,75779.0,17100,17101,17425,15631,,一般,,day
2023/08/01,TX,202308,17097.0,17148.0,17075.0,17135.0,32,0.19%,34788,,,17131,17138,17425,15631,,盤後,,after
2023/08/01,TX,202308,17160.0,17218.0,17090.0,17182.0,79,0.46%,92003,17178.0,74399.0,17179,17182,17425,15631,,一般,,day
2023/08/02,TX,202308,17182.0,17195.0,17101.0,17143.0,-35,-0.20%,37388,,,17143,17147,17425,15631,,盤後,,after
2023/08/02,TX,202308,17093.0,17162.0,16806.0,16814.0,-364,-2.12%,136576,16820.0,75872.0,16814,16816,17425,15631,,一般,,day
2023/08/04,TX,202308,16790.0,16812.0,16659.0,16666.0,-154,-0.92%,66447,,,16659,16667,17425,15631,,盤後,,after
2023/08/04,TX,202308,16720.0,16863.0,16715.0,16824.0,4,0.02%,96586,16823.0,74523.0,16824,16826,17425,15631,,一般,,day
2023/08/07,TX,202308,16824.0,16924.0,16725.0,16766.0,-57,-0.34%,70189,,,16766,16774,17425,15631,,盤後,,after
2023/08/07,TX,202308,16859.0,17027.0,16836.0,17002.0,179,1.06%,93476,17000.0,73569.0,17002,17003,17425,15631,,一般,,day
2023/08/08,TX,202308,17020.0,17026.0,16757.0,16853.0,-147,-0.86%,114678,16852.0,71198.0,16853,16855,17425,15631,,一般,,day
2023/08/08,TX,202308,16996.0,17052.0,16933.0,17025.0,25,0.15%,47296,,,17022,17026,17425,15631,,盤後,,after
2023/08/09,TX,202308,16822.0,16868.0,16712.0,16778.0,-74,-0.44%,53318,,,16778,16784,17425,15631,,盤後,,after
2023/08/09,TX,202308,16815.0,16935.0,16780.0,16852.0,0,0.00%,99083,16853.0,69805.0,16852,16855,17425,15631,,一般,,day
2023/08/10,TX,202308,16863.0,16917.0,16733.0,16776.0,-77,-0.46%,59101,,,16773,16777,17425,15631,,盤後,,after
2023/08/10,TX,202308,16788.0,16797.0,16584.0,16660.0,-193,-1.15%,115276,16656.0,67873.0,16657,16660,17425,15631,,一般,,day
2023/08/11,TX,202308,16652.0,16793.0,16628.0,16677.0,21,0.13%,78254,,,16677,16679,17425,15631,,盤後,,after
2023/08/11,TX,202308,16711.0,16754.0,16574.0,16625.0,-31,-0.19%,96858,16625.0,65389.0,16626,16627,17425,15631,,一般,,day
2023/08/14,TX,202308,16630.0,16644.0,16543.0,16562.0,-63,-0.38%,55193,,,16561,16565,17425,15631,,盤後,,after
2023/08/14,TX,202308,16567.0,16570.0,16306.0,16378.0,-247,-1.49%,142754,16377.0,44624.0,16376,16378,17425,15631,,一般,,day
2023/08/15,TX,202308,16374.0,16484.0,16332.0,16476.0,99,0.60%,50886,,,16476,16478,17425,15631,,盤後,,after
2023/08/15,TX,202308,16471.0,16540.0,16422.0,16422.0,45,0.27%,89792,16423.0,28854.0,16422,16424,17425,15631,,一般,,day
2023/08/16,TX,202308,16300.0,16413.0,16290.0,16364.0,-59,-0.36%,58199,0.0,14591.0,16364,16365,17425,15631,,一般,,day
2023/08/16,TX,202308,16420.0,16438.0,16324.0,16335.0,-88,-0.54%,43559,,,16334,16341,17425,15631,,盤後,,after
2023/08/17,TX,202309,16380.0,16443.0,16305.0,16317.0,-56,-0.34%,56339,,,16313,16318,17386,11969,,盤後,,after
2023/08/17,TX,202309,16261.0,16493.0,16205.0,16454.0,81,0.49%,124759,16456.0,63340.0,16454,16459,17386,11969,,一般,,day
2023/08/18,TX,202309,16502.0,16545.0,16389.0,16400.0,-56,-0.34%,58940,,,16400,16404,17386,11969,,盤後,,after
2023/08/18,TX,202309,16422.0,16541.0,16320.0,16352.0,-104,-0.63%,118197,16353.0,64407.0,16352,16356,17386,11969,,一般,,day
2023/08/21,TX,202309,16348.0,16393.0,16266.0,16372.0,19,0.12%,58954,,,16370,16371,17386,11969,,盤後,,after
2023/08/21,TX,202309,16424.0,16474.0,16325.0,16351.0,-2,-0.01%,91744,16348.0,66185.0,16349,16352,17386,11969,,一般,,day
2023/08/22,TX,202309,16341.0,16484.0,16335.0,16474.0,126,0.77%,47324,,,16472,16474,17386,11969,,盤後,,after
2023/08/22,TX,202309,16495.0,16507.0,16380.0,16401.0,53,0.32%,86244,16400.0,64491.0,16399,16401,17386,11969,,一般,,day
2023/08/23,TX,202309,16433.0,16472.0,16334.0,16374.0,-26,-0.16%,49716,,,16369,16374,17386,11969,,盤後,,after
2023/08/23,TX,202309,16419.0,16561.0,16405.0,16559.0,159,0.97%,97878,16558.0,66814.0,16558,16560,17386,11969,,一般,,day
2023/08/24,TX,202309,16561.0,16765.0,16518.0,16762.0,204,1.23%,56512,,,16758,16763,17386,11969,,盤後,,after
2023/08/24,TX,202309,16788.0,16798.0,16670.0,16759.0,201,1.21%,108492,16756.0,63099.0,16758,16761,17386,11969,,一般,,day
2023/08/25,TX,202309,16549.0,16586.0,16415.0,16421.0,-335,-2.00%,99877,16426.0,68389.0,16421,16422,17386,11969,,一般,,day
2023/08/25,TX,202309,16754.0,16774.0,16523.0,16543.0,-213,-1.27%,66483,,,16536,16540,17386,11969,,盤後,,after
2023/08/28,TX,202309,16391.0,16507.0,16362.0,16463.0,37,0.23%,73534,,,16465,16466,17386,11969,,盤後,,after
2023/08/28,TX,202309,16468.0,16548.0,16461.0,16490.0,64,0.39%,83055,16492.0,67225.0,16490,16494,17386,11969,,一般,,day
2023/08/29,TX,202309,16501.0,16584.0,16470.0,16573.0,81,0.49%,37452,,,16572,16573,17386,11969,,盤後,,after
2023/08/29,TX,202309,16578.0,16632.0,16453.0,16624.0,132,0.80%,84833,16624.0,65142.0,16624,16625,17386,11969,,一般,,day
2023/08/30,TX,202309,16633.0,16733.0,16585.0,16731.0,107,0.64%,52950,,,16729,16731,17386,11969,,盤後,,after
2023/08/30,TX,202309,16738.0,16778.0,16695.0,16724.0,100,0.60%,69975,16723.0,64022.0,16724,16726,17386,11969,,一般,,day
2023/08/31,TX,202309,16730.0,16731.0,16602.0,16628.0,-95,-0.57%,89842,16620.0,63416.0,16621,16625,17386,11969,,一般,,day
2023/08/31,TX,202309,16715.0,16747.0,16672.0,16729.0,6,0.04%,39360,,,16726,16729,17386,11969,,盤後,,after
2023/09/01,TX,202309,16614.0,16669.0,16534.0,16564.0,-56,-0.34%,48467,,,16564,16566,17386,11969,,盤後,,after
2023/09/01,TX,202309,16608.0,16727.0,16600.0,16651.0,31,0.19%,78439,16651.0,64613.0,16650,16652,17386,11969,,一般,,day
2023/09/04,TX,202309,16646.0,16782.0,16607.0,16782.0,131,0.79%,84928,16778.0,66279.0,16781,16782,17386,11969,,一般,,day
2023/09/04,TX,202309,16633.0,16681.0,16572.0,16617.0,-34,-0.20%,54748,,,16617,16620,17386,11969,,盤後,,after
2023/09/05,TX,202309,16788.0,16792.0,16724.0,16747.0,-31,-0.18%,19789,,,16743,16746,17386,11969,,盤後,,after
2023/09/05,TX,202309,16736.0,16765.0,16707.0,16754.0,-24,-0.14%,57012,16752.0,64538.0,16753,16754,17386,11969,,一般,,day
2023/09/06,TX,202309,16738.0,16782.0,16691.0,16748.0,-4,-0.02%,42041,,,16747,16752,17386,11969,,盤後,,after
2023/09/06,TX,202309,16758.0,16801.0,16702.0,16711.0,-41,-0.24%,70796,16713.0,63780.0,16710,16712,17386,11969,,一般,,day
2023/09/07,TX,202309,16710.0,16710.0,16568.0,16609.0,-104,-0.62%,46021,,,16608,16614,17386,11969,,盤後,,after
2023/09/07,TX,202309,16604.0,16660.0,16560.0,16564.0,-149,-0.89%,78366,16563.0,64463.0,16563,16566,17386,11969,,一般,,day
2023/09/08,TX,202309,16490.0,16579.0,16467.0,16563.0,0,0.00%,74559,16562.0,66603.0,16561,16563,17386,11969,,一般,,day
2023/09/08,TX,202309,16563.0,16588.0,16464.0,16515.0,-48,-0.29%,46294,,,16514,16521,17386,11969,,盤後,,after
2023/09/11,TX,202309,16560.0,16577.0,16366.0,16427.0,-135,-0.82%,104377,16425.0,66816.0,16427,16429,17386,11969,,一般,,day
2023/09/11,TX,202309,16573.0,16598.0,16525.0,16570.0,8,0.05%,38572,,,16570,16572,17386,11969,,盤後,,after
2023/09/12,TX,202309,16459.0,16591.0,16413.0,16573.0,148,0.90%,94566,16570.0,65999.0,16572,16573,17386,11969,,一般,,day
2023/09/12,TX,202309,16435.0,16503.0,16423.0,16491.0,66,0.40%,34454,,,16491,16494,17386,11969,,盤後,,after
2023/09/13,TX,202309,16593.0,16607.0,16520.0,16547.0,-23,-0.14%,36418,,,16547,16552,17386,11969,,盤後,,after
2023/09/13,TX,202309,16570.0,16645.0,16523.0,16577.0,7,0.04%,79200,16579.0,64256.0,16577,16580,17386,11969,,一般,,day
2023/09/14,TX,202309,16582.0,16666.0,16550.0,16643.0,64,0.39%,45933,,,16638,16643,17386,11969,,盤後,,after
2023/09/14,TX,202309,16676.0,16842.0,16675.0,16838.0,259,1.56%,83243,16836.0,70502.0,16838,16839,17386,11969,,一般,,day
2023/09/15,TX,202309,16848.0,16918.0,16808.0,16906.0,70,0.42%,76226,16904.0,66858.0,16904,16906,17386,11969,,一般,,day
2023/09/15,TX,202309,16838.0,16875.0,16805.0,16829.0,-7,-0.04%,42210,,,16829,16830,17386,11969,,盤後,,after
2023/09/18,TX,202309,16757.0,16796.0,16700.0,16709.0,-195,-1.15%,99184,16712.0,43683.0,16707,16709,17386,11969,,一般,,day
2023/09/18,TX,202309,16904.0,16906.0,16711.0,16725.0,-179,-1.06%,49020,,,16724,16725,17386,11969,,盤後,,after
2023/09/19,TX,202309,16703.0,16747.0,16650.0,16729.0,17,0.10%,33215,,,16727,16729,17386,11969,,盤後,,after
2023/09/19,TX,202309,16700.0,16741.0,16603.0,16609.0,-103,-0.62%,87209,16606.0,26851.0,16609,16612,17386,11969,,一般,,day
2023/09/20,TX,202310,16620.0,16658.0,16544.0,16564.0,-57,-0.34%,51361,16565.0,58049.0,16564,16565,17360,16205,,一般,,day
2023/09/20,TX,202309,16613.0,16642.0,16529.0,16611.0,5,0.03%,32110,,,16611,16615,17386,11969,,盤後,,after
2023/09/21,TX,202310,16577.0,16651.0,16504.0,16520.0,-45,-0.27%,42165,,,16511,16518,17360,16205,,盤後,,after
2023/09/21,TX,202310,16479.0,16483.0,16280.0,16309.0,-256,-1.55%,104132,16311.0,71304.0,16308,16309,17360,16205,,一般,,day
2023/09/22,TX,202310,16297.0,16338.0,16217.0,16224.0,-87,-0.53%,48200,,,16224,16225,17360,16205,,盤後,,after
2023/09/22,TX,202310,16200.0,16355.0,16188.0,16345.0,34,0.21%,77457,16344.0,68884.0,16344,16345,17360,16188,,一般,,day
2023/09/25,TX,202310,16345.0,16402.0,16313.0,16350.0,6,0.04%,41962,,,16347,16350,17360,16188,,盤後,,after
2023/09/25,TX,202310,16352.0,16491.0,16340.0,16464.0,120,0.73%,69416,16465.0,67240.0,16463,16465,17360,16188,,一般,,day
2023/09/26,TX,202310,16400.0,16408.0,16273.0,16308.0,-157,-0.95%,88022,16305.0,67979.0,16308,16309,17360,16188,,一般,,day
2023/09/26,TX,202310,16466.0,16470.0,16368.0,16466.0,1,0.01%,44174,,,16464,16467,17360,16188,,盤後,,after
2023/09/27,TX,202310,16246.0,16334.0,16230.0,16311.0,6,0.04%,76137,16311.0,67498.0,16310,16311,17360,16188,,一般,,day
2023/09/27,TX,202310,16280.0,16343.0,16198.0,16234.0,-71,-0.44%,46550,,,16231,16234,17360,16188,,盤後,,after
2023/09/28,TX,202310,16320.0,16354.0,16226.0,16325.0,14,0.09%,47829,,,16320,16326,17360,16188,,盤後,,after
2023/09/28,TX,202310,16342.0,16435.0,16295.0,16368.0,57,0.35%,90613,16367.0,66362.0,16369,16370,17360,16188,,一般,,day
2023/10/02,TX,202310,16353.0,16448.0,16313.0,16428.0,61,0.37%,49107,,,16425,16428,17360,16188,,盤後,,after
2023/10/02,TX,202310,16531.0,16610.0,16504.0,16557.0,190,1.16%,76695,16556.0,67732.0,16557,16558,17360,16188,,一般,,day
2023/10/03,TX,202310,16570.0,16584.0,16457.0,16511.0,-45,-0.27%,49488,,,16511,16513,17360,16188,,盤後,,after
2023/10/03,TX,202310,16497.0,16553.0,16408.0,16412.0,-144,-0.87%,84437,16411.0,66910.0,16411,16412,17360,16188,,一般,,day
2023/10/04,TX,202310,16285.0,16286.0,16164.0,16245.0,-166,-1.01%,105815,16245.0,70024.0,16244,16245,17360,16164,,一般,,day
2023/10/04,TX,202310,16428.0,16444.0,16282.0,16305.0,-106,-0.65%,57631,,,16302,16303,17360,16188,,盤後,,after
2023/10/05,TX,202310,16300.0,16486.0,16288.0,16456.0,211,1.30%,88286,16457.0,69086.0,16456,16457,17360,16164,,一般,,day
2023/10/05,TX,202310,16222.0,16349.0,16215.0,16336.0,91,0.56%,59087,,,16333,16336,17360,16164,,盤後,,after
2023/10/06,TX,202310,16436.0,16484.0,16381.0,16457.0,0,0.00%,57082,,,16457,16461,17360,16164,,盤後,,after
2023/10/06,TX,202310,16476.0,16552.0,16473.0,16531.0,74,0.45%,67779,16528.0,66322.0,16528,16529,17360,16164,,一般,,day
2023/10/11,TX,202310,16534.0,16668.0,16438.0,16660.0,132,0.80%,75829,,,16659,16660,17360,16164,,盤後,,after
2023/10/11,TX,202310,16829.0,16829.0,16662.0,16717.0,189,1.14%,83064,16714.0,65459.0,16715,16717,17360,16164,,一般,,day
2023/10/12,TX,202310,16708.0,16731.0,16646.0,16717.0,3,0.02%,40939,,,16716,16719,17360,16164,,盤後,,after
2023/10/12,TX,202310,16768.0,16857.0,16725.0,16848.0,134,0.80%,76196,16848.0,69586.0,16848,16849,17360,16164,,一般,,day
2023/10/13,TX,202310,16857.0,16859.0,16676.0,16736.0,-112,-0.66%,51045,,,16735,16738,17360,16164,,盤後,,after
2023/10/13,TX,202310,16750.0,16807.0,16730.0,16770.0,-78,-0.46%,67885,16771.0,66652.0,16768,16770,17360,16164,,一般,,day
2023/10/16,TX,202310,16661.0,16683.0,16603.0,16648.0,-123,-0.73%,101143,16649.0,45084.0,16648,16649,17360,16164,,一般,,day
2023/10/16,TX,202310,16775.0,16784.0,16640.0,16650.0,-121,-0.72%,57271,,,16650,16653,17360,16164,,盤後,,after
2023/10/17,TX,202310,16764.0,16782.0,16634.0,16650.0,1,0.01%,82744,16650.0,25661.0,16650,16654,17360,16164,,一般,,day
2023/10/17,TX,202310,16665.0,16788.0,16637.0,16770.0,121,0.73%,43436,,,16771,16772,17360,16164,,盤後,,after
2023/10/18,TX,202310,16653.0,16698.0,16556.0,16668.0,18,0.11%,51258,,,16663,16671,17360,16164,,盤後,,after
2023/10/18,TX,202310,16616.0,16633.0,16411.0,16426.0,-224,-1.35%,62045,0.0,13634.0,16425,16426,17360,16164,,一般,,day
2023/10/19,TX,202311,16466.0,16483.0,16353.0,16394.0,-74,-0.45%,56132,,,16391,16392,16917,16178,,盤後,,after
2023/10/19,TX,202311,16365.0,16487.0,16357.0,16458.0,-10,-0.06%,83646,16461.0,65117.0,16456,16458,16917,16178,,一般,,day
2023/10/20,TX,202311,16480.0,16578.0,16457.0,16493.0,32,0.19%,80661,,,16489,16498,16917,16178,,盤後,,after
2023/10/20,TX,202311,16440.0,16465.0,16255.0,16413.0,-48,-0.29%,115247,16414.0,65407.0,16413,16417,16917,16178,,一般,,day
2023/10/23,TX,202311,16350.0,16366.0,16250.0,16254.0,-160,-0.97%,79206,16256.0,72601.0,16254,16257,16917,16178,,一般,,day
2023/10/23,TX,202311,16405.0,16447.0,16294.0,16300.0,-114,-0.69%,62160,,,16298,16305,16917,16178,,盤後,,after
2023/10/24,TX,202311,16253.0,16348.0,16145.0,16298.0,42,0.26%,72625,,,16294,16298,16917,16145,,盤後,,after
2023/10/24,TX,202311,16274.0,16343.0,16148.0,16335.0,79,0.49%,117248,16333.0,70563.0,16334,16335,16917,16145,,一般,,day
2023/10/25,TX,202311,16370.0,16480.0,16350.0,16358.0,25,0.15%,85062,16358.0,68394.0,16359,16360,16917,16145,,一般,,day
2023/10/25,TX,202311,16340.0,16420.0,16292.0,16393.0,60,0.37%,61621,,,16390,16394,16917,16145,,盤後,,after
2023/10/26,TX,202311,16365.0,16383.0,16208.0,16213.0,-145,-0.89%,72944,,,16213,16220,16917,16145,,盤後,,after
2023/10/26,TX,202311,16144.0,16176.0,16039.0,16069.0,-289,-1.77%,110234,16066.0,75530.0,16068,16069,16917,16039,,一般,,day
2023/10/27,TX,202311,16064.0,16148.0,16033.0,16081.0,15,0.09%,75377,,,16081,16083,16917,16033,,盤後,,after
2023/10/27,TX,202311,16137.0,16217.0,16120.0,16151.0,85,0.53%,84813,16152.0,69690.0,16150,16152,16917,16033,,一般,,day
2023/10/30,TX,202311,16151.0,16177.0,16045.0,16073.0,-79,-0.49%,57249,,,16066,16074,16917,16033,,盤後,,after
2023/10/30,TX,202311,16118.0,16238.0,16111.0,16157.0,5,0.03%,88685,16160.0,70834.0,16157,16159,16917,16033,,一般,,day
2023/10/31,TX,202311,16180.0,16197.0,15973.0,15994.0,-166,-1.03%,109000,15997.0,76161.0,15994,15998,16917,15973,,一般,,day
2023/10/31,TX,202311,16172.0,16230.0,16122.0,16200.0,40,0.25%,52886,,,16197,16200,16917,16033,,盤後,,after
2023/11/01,TX,202311,16099.0,16120.0,15978.0,16048.0,51,0.32%,86885,16050.0,73932.0,16047,16048,16917,15973,,一般,,day
2023/11/01,TX,202311,16011.0,16088.0,15994.0,16061.0,64,0.40%,56324,,,16060,16066,16917,15973,,盤後,,after
2023/11/02,TX,202311,16256.0,16399.0,16250.0,16390.0,340,2.12%,80878,16389.0,72942.0,16390,16395,16917,15973,,一般,,day
2023/11/02,TX,202311,16067.0,16219.0,16034.0,16203.0,153,0.95%,55992,,,16202,16209,16917,15973,,盤後,,after
2023/11/03,TX,202311,16389.0,16510.0,16381.0,16505.0,116,0.71%,50200,,,16502,16505,16917,15973,,盤後,,after
2023/11/03,TX,202311,16488.0,16537.0,16441.0,16512.0,123,0.75%,73936,16514.0,70074.0,16511,16513,16917,15973,,一般,,day
2023/11/06,TX,202311,16514.0,16654.0,16472.0,16616.0,102,0.62%,51809,,,16616,16620,16917,15973,,盤後,,after
2023/11/06,TX,202311,16680.0,16750.0,16626.0,16670.0,156,0.94%,83172,16673.0,73136.0,16669,16675,16917,15973,,一般,,day
2023/11/07,TX,202311,16696.0,16715.0,16625.0,16682.0,9,0.05%,38210,,,16682,16684,16917,15973,,盤後,,after
2023/11/07,TX,202311,16632.0,16712.0,16613.0,16709.0,36,0.22%,65290,16708.0,74875.0,16709,16710,16917,15973,,一般,,day
2023/11/08,TX,202311,16725.0,16797.0,16687.0,16749.0,41,0.25%,76332,16752.0,75925.0,16749,16750,16917,15973,,一般,,day
2023/11/08,TX,202311,16699.0,16775.0,16683.0,16762.0,54,0.32%,41448,,,16762,16767,16917,15973,,盤後,,after
2023/11/09,TX,202311,16736.0,16797.0,16689.0,16729.0,-23,-0.14%,38237,,,16729,16730,16917,15973,,盤後,,after
2023/11/09,TX,202311,16711.0,16788.0,16692.0,16763.0,11,0.07%,69823,16763.0,76663.0,16763,16765,16917,15973,,一般,,day
2023/11/10,TX,202311,16664.0,16738.0,16627.0,16736.0,-27,-0.16%,83384,16732.0,69100.0,16734,16738,16917,15973,,一般,,day
2023/11/10,TX,202311,16771.0,16843.0,16701.0,16715.0,-48,-0.29%,52457,,,16712,16715,16917,15973,,盤後,,after
2023/11/13,TX,202311,16750.0,17041.0,16743.0,17019.0,287,1.72%,59390,,,17019,17020,17041,15973,,盤後,,after
2023/11/13,TX,202311,16969.0,16985.0,16836.0,16876.0,144,0.86%,100083,16874.0,46143.0,16873,16877,17041,15973,,一般,,day
2023/11/14,TX,202311,16874.0,16956.0,16860.0,16911.0,37,0.22%,33441,,,16911,16912,17041,15973,,盤後,,after
2023/11/14,TX,202311,16956.0,16976.0,16912.0,16949.0,75,0.44%,73343,16948.0,31938.0,16949,16950,17041,15973,,一般,,day
2023/11/15,TX,202311,16957.0,17177.0,16948.0,17161.0,213,1.26%,50490,,,17160,17169,17177,15973,,盤後,,after
2023/11/15,TX,202312,17190.0,17214.0,17094.0,17162.0,194,1.14%,56608,17159.0,68717.0,17161,17163,17310,13257,,一般,,day
2023/11/16,TX,202312,17196.0,17218.0,17109.0,17186.0,27,0.16%,72693,17186.0,74759.0,17186,17188,17310,13257,,一般,,day
2023/11/16,TX,202312,17168.0,17260.0,17156.0,17195.0,36,0.21%,61670,,,17192,17196,17310,13257,,盤後,,after
2023/11/17,TX,202312,17191.0,17231.0,17122.0,17158.0,-28,-0.16%,55444,,,17158,17163,17310,13257,,盤後,,after
2023/11/17,TX,202312,17152.0,17252.0,17151.0,17222.0,36,0.21%,72936,17219.0,79700.0,17219,17222,17310,13257,,一般,,day
2023/11/20,TX,202312,17227.0,17288.0,17154.0,17200.0,-19,-0.11%,72251,17201.0,81888.0,17196,17200,17310,13257,,一般,,day
2023/11/20,TX,202312,17218.0,17248.0,17185.0,17211.0,-8,-0.05%,36633,,,17212,17213,17310,13257,,盤後,,after
2023/11/21,TX,202312,17191.0,17300.0,17188.0,17273.0,72,0.42%,32148,,,17273,17274,17310,13257,,盤後,,after
2023/11/21,TX,202312,17281.0,17425.0,17280.0,17415.0,214,1.24%,70242,17411.0,89081.0,17409,17415,17425,13257,,一般,,day
2023/11/22,TX,202312,17404.0,17421.0,17308.0,17331.0,-80,-0.46%,41362,,,17330,17331,17425,13257,,盤後,,after
2023/11/22,TX,202312,17298.0,17334.0,17256.0,17284.0,-127,-0.73%,65563,17289.0,87841.0,17283,17285,17425,13257,,一般,,day
2023/11/23,TX,202312,17275.0,17323.0,17214.0,17307.0,18,0.10%,73777,17304.0,87311.0,17304,17307,17425,13257,,一般,,day
2023/11/23,TX,202312,17263.0,17350.0,17225.0,17306.0,17,0.10%,57624,,,17300,17304,17425,13257,,盤後,,after
2023/11/24,TX,202312,17330.0,17350.0,17265.0,17293.0,-11,-0.06%,51647,17293.0,87084.0,17292,17293,17425,13257,,一般,,day
2023/11/24,TX,202312,17330.0,17376.0,17285.0,17319.0,15,0.09%,26862,,,17319,17320,17425,13257,,盤後,,after
2023/11/27,TX,202312,17257.0,17361.0,17145.0,17173.0,-120,-0.69%,90354,17172.0,86345.0,17173,17174,17425,13257,,一般,,day
2023/11/27,TX,202312,17287.0,17316.0,17273.0,17294.0,1,0.01%,21317,,,17294,17299,17425,13257,,盤後,,after
2023/11/28,TX,202312,17180.0,17245.0,17166.0,17221.0,49,0.29%,30516,,,17220,17223,17425,13257,,盤後,,after
2023/11/28,TX,202312,17215.0,17402.0,17195.0,17364.0,192,1.12%,87471,17360.0,88448.0,17361,17364,17425,13257,,一般,,day
2023/11/29,TX,202312,17384.0,17387.0,17322.0,17360.0,0,0.00%,34606,,,17360,17364,17425,13257,,盤後,,after
2023/11/29,TX,202312,17339.0,17450.0,17314.0,17334.0,-26,-0.15%,79086,17339.0,87554.0,17337,17340,17450,13257,,一般,,day
2023/11/30,TX,202312,17350.0,17445.0,17330.0,17378.0,39,0.22%,41954,,,17375,17379,17450,13257,,盤後,,after
2023/11/30,TX,202312,17400.0,17416.0,17291.0,17393.0,54,0.31%,82954,17393.0,87528.0,17392,17394,17450,13257,,一般,,day
2023/12/01,TX,202312,17394.0,17444.0,17322.0,17345.0,-48,-0.28%,55842,,,17345,17351,17450,13257,,盤後,,after
2023/12/01,TX,202312,17333.0,17434.0,17254.0,17421.0,28,0.16%,79764,17424.0,89886.0,17421,17424,17450,13257,,一般,,day
2023/12/04,TX,202312,17426.0,17507.0,17366.0,17493.0,69,0.40%,57183,,,17491,17498,17507,13257,,盤後,,after
2023/12/04,TX,202312,17465.0,17491.0,17376.0,17419.0,-5,-0.03%,69262,17418.0,87232.0,17418,17423,17507,13257,,一般,,day
2023/12/05,TX,202312,17285.0,17330.0,17231.0,17309.0,-109,-0.63%,76784,17309.0,87985.0,17308,17309,17507,13257,,一般,,day
2023/12/05,TX,202312,17405.0,17417.0,17257.0,17319.0,-99,-0.57%,46940,,,17319,17321,17507,13257,,盤後,,after
2023/12/06,TX,202312,17367.0,17453.0,17346.0,17381.0,72,0.42%,79377,17377.0,86773.0,17378,17381,17507,13257,,一般,,day
2023/12/06,TX,202312,17280.0,17358.0,17272.0,17335.0,26,0.15%,40891,,,17335,17341,17507,13257,,盤後,,after
2023/12/07,TX,202312,17370.0,17428.0,17294.0,17312.0,-65,-0.37%,43539,,,17308,17313,17507,13257,,盤後,,after
2023/12/07,TX,202312,17321.0,17371.0,17261.0,17270.0,-107,-0.62%,77297,17271.0,87864.0,17268,17270,17507,13257,,一般,,day
2023/12/08,TX,202312,17274.0,17408.0,17264.0,17401.0,130,0.75%,46376,,,17399,17402,17507,13257,,盤後,,after
2023/12/08,TX,202312,17409.0,17470.0,17363.0,17377.0,106,0.61%,88169,17375.0,87293.0,17373,17377,17507,13257,,一般,,day
2023/12/11,TX,202312,17370.0,17426.0,17336.0,17422.0,47,0.27%,50722,,,17420,17422,17507,13257,,盤後,,after
2023/12/11,TX,202312,17436.0,17457.0,17350.0,17418.0,43,0.25%,65150,17418.0,88001.0,17418,17419,17507,13257,,一般,,day
2023/12/12,TX,202312,17518.0,17545.0,17427.0,17464.0,46,0.26%,67207,17462.0,87797.0,17464,17465,17545,13257,,一般,,day
2023/12/12,TX,202312,17422.0,17520.0,17404.0,17510.0,92,0.53%,34732,,,17509,17514,17520,13257,,盤後,,after
2023/12/13,TX,202312,17491.0,17519.0,17426.0,17453.0,-9,-0.05%,65147,17457.0,86680.0,17452,17455,17545,13257,,一般,,day
2023/12/13,TX,202312,17465.0,17504.0,17397.0,17488.0,26,0.15%,47084,,,17487,17490,17545,13257,,盤後,,after
2023/12/14,TX,202312,17445.0,17586.0,17404.0,17567.0,110,0.63%,47729,,,17565,17569,17586,13257,,盤後,,after
2023/12/14,TX,202312,17608.0,17691.0,17595.0,17666.0,209,1.20%,96741,17663.0,87000.0,17664,17666,17691,13257,,一般,,day
2023/12/15,TX,202312,17670.0,17744.0,17642.0,17742.0,79,0.45%,53416,,,17740,17745,17744,13257,,盤後,,after
2023/12/15,TX,202312,17771.0,17775.0,17672.0,17674.0,11,0.06%,80686,17673.0,77816.0,17674,17675,17775,13257,,一般,,day
2023/12/18,TX,202312,17685.0,17708.0,17636.0,17639.0,-34,-0.19%,35608,,,17639,17643,17775,13257,,盤後,,after
2023/12/18,TX,202312,17672.0,17673.0,17583.0,17655.0,-18,-0.10%,93527,17656.0,47356.0,17654,17656,17775,13257,,一般,,day
2023/12/19,TX,202312,17649.0,17649.0,17567.0,17621.0,-35,-0.20%,28214,,,17621,17624,17775,13257,,盤後,,after
2023/12/19,TX,202312,17596.0,17621.0,17505.0,17574.0,-82,-0.46%,88844,17577.0,28220.0,17574,17576,17775,13257,,一般,,day
2023/12/20,TX,202401,17592.0,17676.0,17591.0,17660.0,96,0.55%,44834,17663.0,84359.0,17660,17662,17756,16001,,一般,,day
2023/12/20,TX,202312,17564.0,17608.0,17542.0,17589.0,12,0.07%,26207,,,17589,17591,17775,13257,,盤後,,after
2023/12/21,TX,202401,17442.0,17544.0,17414.0,17529.0,-134,-0.76%,72886,17529.0,91643.0,17527,17529,17756,16001,,一般,,day
2023/12/21,TX,202401,17664.0,17678.0,17376.0,17396.0,-267,-1.51%,50371,,,17390,17397,17756,16001,,盤後,,after
2023/12/22,TX,202401,17524.0,17612.0,17504.0,17606.0,77,0.44%,49608,,,17606,17611,17756,16001,,盤後,,after
2023/12/22,TX,202401,17563.0,17597.0,17542.0,17558.0,29,0.17%,52791,17560.0,88621.0,17558,17563,17756,16001,,一般,,day
2023/12/25,TX,202401,17555.0,17628.0,17532.0,17608.0,48,0.27%,34559,,,17605,17609,17756,16001,,盤後,,after
2023/12/25,TX,202401,17644.0,17666.0,17607.0,17622.0,62,0.35%,36922,17622.0,90227.0,17622,17625,17756,16001,,一般,,day
2023/12/26,TX,202401,17630.0,17659.0,17615.0,17632.0,10,0.06%,8324,,,17632,17635,17756,16001,,盤後,,after
2023/12/26,TX,202401,17651.0,17740.0,17634.0,17735.0,113,0.64%,52770,17734.0,93499.0,17732,17735,17756,16001,,一般,,day
2023/12/27,TX,202401,17755.0,17874.0,17737.0,17857.0,123,0.69%,64820,17859.0,99464.0,17856,17860,17874,16001,,一般,,day
2023/12/27,TX,202401,17734.0,17760.0,17707.0,17749.0,15,0.08%,21220,,,17747,17749,17760,16001,,盤後,,after
2023/12/28,TX,202401,17865.0,17881.0,17812.0,17842.0,-17,-0.10%,33337,,,17841,17842,17881,16001,,盤後,,after
2023/12/28,TX,202401,17850.0,17887.0,17821.0,17865.0,6,0.03%,56537,17866.0,100979.0,17865,17868,17887,16001,,一般,,day
2023/12/29,TX,202401,17853.0,17900.0,17828.0,17868.0,2,0.01%,56505,17870.0,102826.0,17867,17869,17900,16001,,一般,,day
2023/12/29,TX,202401,17870.0,17871.0,17827.0,17841.0,-25,-0.14%,22091,,,17840,17846,17887,16001,,盤後,,after
2024/01/02,TX,202401,17871.0,17878.0,17766.0,17826.0,-44,-0.25%,33681,,,17826,17828,17900,16001,,盤後,,after
2024/01/02,TX,202401,17838.0,17920.0,17751.0,17798.0,-72,-0.40%,82827,17800.0,103404.0,17798,17800,17920,16001,,一般,,day
2024/01/03,TX,202401,17793.0,17817.0,17652.0,17674.0,-126,-0.71%,51826,,,17673,17675,17920,16001,,盤後,,after
2024/01/03,TX,202401,17658.0,17667.0,17507.0,17546.0,-254,-1.43%,97851,17545.0,106526.0,17546,17549,17920,16001,,一般,,day
2024/01/04,TX,202401,17544.0,17585.0,17479.0,17536.0,-9,-0.05%,51903,,,17536,17537,17920,16001,,盤後,,after
2024/01/04,TX,202401,17525.0,17583.0,17525.0,17546.0,1,0.01%,57402,17550.0,102022.0,17545,17547,17920,16001,,一般,,day
2024/01/05,TX,202401,17577.0,17626.0,17491.0,17519.0,-31,-0.18%,77062,17518.0,101818.0,17516,17519,17920,16001,,一般,,day
2024/01/05,TX,202401,17571.0,17609.0,17539.0,17555.0,5,0.03%,43221,,,17553,17555,17920,16001,,盤後,,after
2024/01/08,TX,202401,17572.0,17706.0,17568.0,17595.0,77,0.44%,86585,17595.0,102591.0,17595,17596,17920,16001,,一般,,day
2024/01/08,TX,202401,17510.0,17605.0,17452.0,17547.0,29,0.17%,67315,,,17547,17548,17920,16001,,盤後,,after
2024/01/09,TX,202401,17770.0,17782.0,17526.0,17545.0,-50,-0.28%,96286,17547.0,103756.0,17545,17546,17920,16001,,一般,,day
2024/01/09,TX,202401,17595.0,17774.0,17535.0,17767.0,172,0.98%,55350,,,17768,17771,17920,16001,,盤後,,after
2024/01/10,TX,202401,17544.0,17555.0,17431.0,17507.0,-40,-0.23%,65943,,,17507,17510,17920,16001,,盤後,,after
2024/01/10,TX,202401,17509.0,17521.0,17439.0,17458.0,-89,-0.51%,70327,17460.0,102213.0,17458,17460,17920,16001,,一般,,day
2024/01/11,TX,202401,17450.0,17535.0,17441.0,17469.0,9,0.05%,49521,,,17469,17470,17920,16001,,盤後,,after
2024/01/11,TX,202401,17490.0,17606.0,17481.0,17575.0,115,0.66%,86899,17570.0,100653.0,17573,17574,17920,16001,,一般,,day
2024/01/12,TX,202401,17571.0,17595.0,17397.0,17485.0,-85,-0.48%,77602,,,17488,17490,17920,16001,,盤後,,after
2024/01/12,TX,202401,17466.0,17570.0,17447.0,17489.0,-81,-0.46%,83946,17487.0,90295.0,17489,17490,17920,16001,,一般,,day
2024/01/15,TX,202401,17487.0,17535.0,17411.0,17492.0,5,0.03%,58099,,,17491,17493,17920,16001,,盤後,,after
2024/01/15,TX,202401,17580.0,17655.0,17527.0,17559.0,72,0.41%,137809,17554.0,59653.0,17557,17559,17920,16001,,一般,,day
2024/01/16,TX,202401,17480.0,17499.0,17321.0,17333.0,-221,-1.26%,123488,17333.0,36428.0,17333,17335,17920,16001,,一般,,day
2024/01/16,TX,202401,17569.0,17576.0,17530.0,17572.0,18,0.10%,21544,,,17567,17572,17920,16001,,盤後,,after
2024/01/17,TX,202401,17313.0,17344.0,17159.0,17167.0,-166,-0.96%,63464,0.0,23542.0,17167,17168,17920,16001,,一般,,day
2024/01/17,TX,202401,17342.0,17375.0,17285.0,17328.0,-5,-0.03%,51670,,,17328,17331,17920,16001,,盤後,,after
2024/01/18,TX,202402,17204.0,17244.0,17162.0,17225.0,-10,-0.06%,50413,,,17224,17227,17906,17148,,盤後,,after
2024/01/18,TX,202402,17240.0,17326.0,17215.0,17280.0,45,0.26%,90702,17282.0,79622.0,17279,17282,17906,17148,,一般,,day
2024/01/19,TX,202402,17376.0,17516.0,17333.0,17515.0,233,1.35%,85732,,,17514,17515,17906,17148,,盤後,,after
2024/01/19,TX,202402,17541.0,17684.0,17504.0,17678.0,396,2.29%,111839,17674.0,82596.0,17676,17678,17906,17148,,一般,,day
2024/01/22,TX,202402,17685.0,17779.0,17650.0,17779.0,105,0.59%,67007,,,17773,17779,17906,17148,,盤後,,after
2024/01/22,TX,202402,17816.0,17843.0,17747.0,17817.0,143,0.81%,83035,17815.0,80566.0,17816,17818,17906,17148,,一般,,day
2024/01/23,TX,202402,17799.0,17877.0,17790.0,17870.0,55,0.31%,77256,17868.0,81014.0,17870,17873,17906,17148,,一般,,day
2024/01/23,TX,202402,17802.0,17834.0,17766.0,17787.0,-28,-0.16%,39900,,,17787,17791,17906,17148,,盤後,,after
2024/01/24,TX,202402,17903.0,17941.0,17876.0,17903.0,35,0.20%,65654,17896.0,79857.0,17899,17903,17941,17148,,一般,,day
2024/01/24,TX,202402,17879.0,17937.0,17863.0,17926.0,58,0.32%,43514,,,17921,17923,17937,17148,,盤後,,after
2024/01/25,TX,202402,18016.0,18030.0,17935.0,17995.0,99,0.55%,74949,17997.0,81602.0,17996,17998,18090,17148,,一般,,day
2024/01/25,TX,202402,17915.0,18090.0,17903.0,18012.0,116,0.65%,61551,,,18012,18014,18090,17148,,盤後,,after
2024/01/26,TX,202402,18009.0,18078.0,17982.0,18028.0,31,0.17%,49911,,,18024,18028,18090,17148,,盤後,,after
2024/01/26,TX,202402,17951.0,18023.0,17936.0,17999.0,2,0.01%,65973,17999.0,81748.0,17999,18000,18090,17148,,一般,,day
2024/01/29,TX,202402,17992.0,18061.0,17960.0,18018.0,19,0.11%,49342,,,18018,18021,18090,17148,,盤後,,after
2024/01/29,TX,202402,18011.0,18135.0,17970.0,18125.0,126,0.70%,73311,18123.0,84626.0,18124,18125,18135,17148,,一般,,day
2024/01/30,TX,202402,18126.0,18152.0,18058.0,18115.0,-8,-0.04%,44540,,,18116,18117,18152,17148,,盤後,,after
2024/01/30,TX,202402,18129.0,18139.0,18064.0,18081.0,-42,-0.23%,63313,18081.0,80335.0,18081,18082,18152,17148,,一般,,day
2024/01/31,TX,202402,18063.0,18066.0,17997.0,18041.0,-40,-0.22%,41792,,,18036,18041,18152,17148,,盤後,,after
2024/01/31,TX,202402,17990.0,18003.0,17904.0,17920.0,-161,-0.89%,78949,17921.0,78494.0,17921,17923,18152,17148,,一般,,day
2024/02/01,TX,202402,17915.0,18044.0,17892.0,17898.0,-23,-0.13%,67540,,,17901,17902,18152,17148,,盤後,,after
2024/02/01,TX,202402,17956.0,17994.0,17882.0,17986.0,65,0.36%,82846,17985.0,79266.0,17986,17987,18152,17148,,一般,,day
2024/02/02,TX,202402,17966.0,18061.0,17951.0,18054.0,69,0.38%,49266,,,18050,18053,18152,17148,,盤後,,after
2024/02/02,TX,202402,18100.0,18105.0,18023.0,18084.0,99,0.55%,64193,18084.0,79503.0,18084,18086,18152,17148,,一般,,day
2024/02/05,TX,202402,18080.0,18084.0,17985.0,18058.0,-26,-0.14%,53437,,,18052,18057,18152,17148,,盤後,,after
2024/02/05,TX,202402,18008.0,18102.0,17958.0,18086.0,2,0.01%,72290,18085.0,76564.0,18085,18086,18152,17148,,一般,,day
2024/02/15,TX,202402,18086.0,18107.0,18026.0,18104.0,19,0.11%,30127,,,18104,18105,18152,17148,,盤後,,after
2024/02/15,TX,202402,18590.0,18696.0,18531.0,18667.0,582,3.22%,112201,18666.0,76320.0,18665,18667,18696,17148,,一般,,day
2024/02/16,TX,202402,18666.0,18727.0,18657.0,18705.0,39,0.21%,34402,,,18702,18705,18727,17148,,盤後,,after
2024/02/16,TX,202402,18683.0,18726.0,18633.0,18634.0,-32,-0.17%,65410,18639.0,71159.0,18632,18635,18727,17148,,一般,,day
2024/02/19,TX,202402,18680.0,18692.0,18619.0,18671.0,32,0.17%,80197,18669.0,51848.0,18671,18673,18727,17148,,一般,,day
2024/02/19,TX,202402,18636.0,18683.0,18618.0,18641.0,2,0.01%,34323,,,18639,18640,18727,17148,,盤後,,after
2024/02/20,TX,202402,18634.0,18754.0,18596.0,18753.0,84,0.45%,86334,18751.0,29534.0,18752,18754,18754,17148,,一般,,day
2024/02/20,TX,202402,18678.0,18678.0,18649.0,18656.0,-13,-0.07%,10352,,,18656,18661,18727,17148,,盤後,,after
2024/02/21,TX,202403,18755.0,18755.0,18679.0,18692.0,-68,-0.36%,44868,18693.0,70761.0,18691,18693,18819,14451,,一般,,day
2024/02/21,TX,202402,18773.0,18817.0,18708.0,18756.0,5,0.03%,36954,,,18754,18757,18817,17148,,盤後,,after
2024/02/22,TX,202403,18692.0,18717.0,18670.0,18715.0,22,0.12%,34096,,,18713,18715,18819,14451,,盤後,,after
2024/02/22,TX,202403,18887.0,18890.0,18751.0,18889.0,196,1.05%,84610,18886.0,74973.0,18887,18889,18890,14451,,一般,,day
2024/02/23,TX,202403,18888.0,19004.0,18888.0,19003.0,117,0.62%,45956,,,19002,19003,19004,14451,,盤後,,after
2024/02/23,TX,202403,18990.0,19000.0,18898.0,18913.0,27,0.14%,80858,18912.0,75413.0,18912,18913,19004,14451,,一般,,day
2024/02/26,TX,202403,18917.0,18948.0,18874.0,18926.0,14,0.07%,38104,,,18926,18930,19004,14451,,盤後,,after
2024/02/26,TX,202403,18907.0,18996.0,18853.0,18963.0,51,0.27%,68087,18964.0,77674.0,18963,18965,19004,14451,,一般,,day
2024/02/27,TX,202403,18950.0,19020.0,18750.0,18867.0,-97,-0.51%,120451,18870.0,76800.0,18866,18868,19020,14451,,一般,,day
2024/02/27,TX,202403,18968.0,18993.0,18956.0,18968.0,4,0.02%,27970,,,18963,18969,19004,14451,,盤後,,after
2024/02/29,TX,202403,18871.0,18929.0,18870.0,18881.0,11,0.06%,29799,,,18881,18892,19020,14451,,盤後,,after
2024/02/29,TX,202403,18808.0,18997.0,18805.0,18966.0,96,0.51%,84818,18961.0,77669.0,18963,18967,19020,14451,,一般,,day
2024/03/01,TX,202403,18968.0,19017.0,18924.0,18961.0,0,0.00%,75198,18961.0,76059.0,18961,18962,19020,14451,,一般,,day
2024/03/01,TX,202403,18961.0,19000.0,18891.0,18954.0,-7,-0.04%,52330,,,18953,18960,19020,14451,,盤後,,after
2024/03/04,TX,202403,18970.0,19175.0,18912.0,19124.0,163,0.86%,65005,,,19124,19127,19175,14451,,盤後,,after
2024/03/04,TX,202403,19144.0,19340.0,19137.0,19314.0,353,1.86%,97821,19311.0,78964.0,19313,19314,19340,14451,,一般,,day
2024/03/05,TX,202403,19314.0,19437.0,19312.0,19377.0,66,0.34%,54617,,,19375,19377,19437,14451,,盤後,,after
2024/03/05,TX,202403,19362.0,19436.0,19305.0,19389.0,78,0.40%,83640,19390.0,78397.0,19389,19390,19437,14451,,一般,,day
2024/03/06,TX,202403,19282.0,19523.0,19271.0,19509.0,119,0.61%,96101,19507.0,77454.0,19508,19509,19523,14451,,一般,,day
2024/03/06,TX,202403,19371.0,19387.0,19217.0,19267.0,-123,-0.63%,54051,,,19270,19274,19437,14451,,盤後,,after
2024/03/07,TX,202403,19688.0,19770.0,19584.0,19709.0,202,1.04%,122063,19702.0,75980.0,19706,19709,19770,14451,,一般,,day
2024/03/07,TX,202403,19521.0,19767.0,19488.0,19695.0,188,0.96%,77534,,,19695,19699,19767,14451,,盤後,,after
2024/03/08,TX,202403,19930.0,20009.0,19638.0,19791.0,89,0.45%,172140,19794.0,74424.0,19791,19793,20009,14451,,一般,,day
2024/03/08,TX,202403,19693.0,19972.0,19647.0,19949.0,247,1.25%,84320,,,19946,19950,19972,14451,,盤後,,after
2024/03/11,TX,202403,19691.0,19825.0,19679.0,19715.0,-79,-0.40%,97483,19716.0,72175.0,19714,19717,20009,14451,,一般,,day
2024/03/11,TX,202403,19790.0,19992.0,19665.0,19719.0,-75,-0.38%,125394,,,19717,19722,20009,14451,,盤後,,after
2024/03/12,TX,202403,19722.0,19772.0,19655.0,19678.0,-38,-0.19%,59671,,,19676,19678,20009,14451,,盤後,,after
2024/03/12,TX,202403,19714.0,19956.0,19698.0,19955.0,239,1.21%,91498,19954.0,75208.0,19955,19956,20009,14451,,一般,,day
2024/03/13,TX,202403,19956.0,20005.0,19865.0,19991.0,37,0.19%,80635,,,19989,19990,20009,14451,,盤後,,after
2024/03/13,TX,202403,19994.0,20064.0,19886.0,19927.0,-27,-0.14%,111450,19928.0,74018.0,19926,19927,20064,14451,,一般,,day
2024/03/14,TX,202403,19932.0,19958.0,19830.0,19883.0,-45,-0.23%,42778,,,19874,19883,20064,14451,,盤後,,after
2024/03/14,TX,202403,19897.0,19978.0,19799.0,19939.0,11,0.06%,108905,19940.0,75728.0,19940,19941,20064,14451,,一般,,day
2024/03/15,TX,202403,19828.0,19873.0,19723.0,19730.0,-210,-1.05%,109827,19728.0,74667.0,19729,19731,20064,14451,,一般,,day
2024/03/15,TX,202403,19959.0,19966.0,19808.0,19859.0,-81,-0.41%,48254,,,19856,19863,20064,14451,,盤後,,after
2024/03/18,TX,202403,19733.0,19798.0,19710.0,19754.0,26,0.13%,46939,,,19750,19755,20064,14451,,盤後,,after
2024/03/18,TX,202403,19778.0,19920.0,19747.0,19919.0,191,0.97%,100312,19914.0,54819.0,19914,19919,20064,14451,,一般,,day
2024/03/19,TX,202403,19816.0,19911.0,19739.0,19867.0,-47,-0.24%,106964,19867.0,33641.0,19867,19870,20064,14451,,一般,,day
2024/03/19,TX,202403,19917.0,19965.0,19840.0,19869.0,-45,-0.23%,43370,,,19865,19869,20064,14451,,盤後,,after
2024/03/20,TX,202403,19880.0,19887.0,19760.0,19857.0,-10,-0.05%,41095,,,19854,19857,20064,14451,,盤後,,after
2024/03/20,TX,202403,19860.0,19956.0,19731.0,19747.0,-120,-0.60%,70463,0.0,21160.0,19747,19748,20064,14451,,一般,,day
2024/03/21,TX,202404,19838.0,20001.0,19831.0,19982.0,149,0.75%,53748,,,19982,19989,20056,17220,,盤後,,after
2024/03/21,TX,202404,20048.0,20264.0,20029.0,20264.0,431,2.17%,110169,20260.0,74326.0,20263,20264,20264,17220,,一般,,day
2024/03/22,TX,202404,20226.0,20285.0,20122.0,20242.0,-18,-0.09%,94477,20240.0,69360.0,20241,20246,20358,17220,,一般,,day
2024/03/22,TX,202404,20275.0,20358.0,20181.0,20206.0,-54,-0.27%,70467,,,20205,20210,20358,17220,,盤後,,after
2024/03/25,TX,202404,20221.0,20263.0,20185.0,20232.0,-8,-0.04%,41670,,,20229,20232,20358,17220,,盤後,,after
2024/03/25,TX,202404,20256.0,20307.0,20188.0,20231.0,-9,-0.04%,72613,20229.0,69854.0,20229,20233,20358,17220,,一般,,day
2024/03/26,TX,202404,20280.0,20459.0,20038.0,20187.0,-42,-0.21%,173550,20185.0,71018.0,20183,20187,20459,17220,,一般,,day
2024/03/26,TX,202404,20220.0,20278.0,20162.0,20238.0,9,0.04%,39919,,,20238,20240,20358,17220,,盤後,,after
2024/03/27,TX,202404,20205.0,20223.0,20127.0,20140.0,-45,-0.22%,41156,,,20140,20142,20459,17220,,盤後,,after
2024/03/27,TX,202404,20185.0,20288.0,20148.0,20261.0,76,0.38%,86234,20258.0,71921.0,20260,20261,20459,17220,,一般,,day
2024/03/28,TX,202404,20255.0,20285.0,20183.0,20242.0,-16,-0.08%,46943,,,20241,20242,20459,17220,,盤後,,after
2024/03/28,TX,202404,20238.0,20250.0,20081.0,20203.0,-55,-0.27%,103798,20202.0,73979.0,20202,20204,20459,17220,,一般,,day
2024/03/29,TX,202404,20226.0,20299.0,20192.0,20280.0,78,0.39%,84010,20278.0,75653.0,20279,20280,20459,17220,,一般,,day
2024/03/29,TX,202404,20192.0,20270.0,20156.0,20211.0,9,0.04%,44704,,,20211,20213,20459,17220,,盤後,,after
2024/04/01,TX,202404,20287.0,20386.0,20285.0,20343.0,65,0.32%,30217,,,20342,20343,20459,17220,,盤後,,after
2024/04/01,TX,202404,20393.0,20400.0,20259.0,20288.0,10,0.05%,83567,20293.0,75298.0,20288,20291,20459,17220,,一般,,day
2024/04/02,TX,202404,20350.0,20524.0,20350.0,20523.0,230,1.13%,96508,20521.0,80556.0,20522,20523,20524,17220,,一般,,day
2024/04/02,TX,202404,20290.0,20397.0,20283.0,20367.0,74,0.36%,47377,,,20365,20367,20459,17220,,盤後,,after
2024/04/03,TX,202404,20539.0,20554.0,20417.0,20451.0,-70,-0.34%,52891,,,20452,20453,20554,17220,,盤後,,after
2024/04/03,TX,202404,20370.0,20419.0,20275.0,20349.0,-172,-0.84%,111570,20351.0,75377.0,20353,20354,20554,17220,,一般,,day
2024/04/08,TX,202404,20349.0,20487.0,20342.0,20453.0,102,0.50%,45681,,,20451,20456,20554,17220,,盤後,,after
2024/04/08,TX,202404,20404.0,20520.0,20375.0,20450.0,99,0.49%,85815,20447.0,75084.0,20449,20450,20554,17220,,一般,,day
2024/04/09,TX,202404,20448.0,20561.0,20427.0,20505.0,58,0.28%,46219,,,20502,20505,20561,17220,,盤後,,after
2024/04/09,TX,202404,20538.0,20877.0,20518.0,20874.0,427,2.09%,117238,20869.0,77274.0,20872,20874,20877,17220,,一般,,day
2024/04/10,TX,202404,20822.0,20892.0,20804.0,20851.0,-18,-0.09%,75731,20848.0,74809.0,20850,20852,20893,17220,,一般,,day
2024/04/10,TX,202404,20885.0,20893.0,20749.0,20822.0,-47,-0.23%,60251,,,20821,20829,20893,17220,,盤後,,after
2024/04/11,TX,202404,20859.0,20874.0,20681.0,20713.0,-135,-0.65%,72161,,,20713,20714,20893,17220,,盤後,,after
2024/04/11,TX,202404,20706.0,20764.0,20651.0,20753.0,-95,-0.46%,88537,20752.0,74658.0,20753,20754,20893,17220,,一般,,day
2024/04/12,TX,202404,20745.0,20809.0,20682.0,20755.0,3,0.01%,91615,20753.0,69576.0,20754,20755,20893,17220,,一般,,day
2024/04/12,TX,202404,20728.0,20777.0,20630.0,20768.0,16,0.08%,62321,,,20765,20769,20893,17220,,盤後,,after
2024/04/15,TX,202404,20760.0,20767.0,20489.0,20492.0,-261,-1.26%,70538,,,20491,20492,20893,17220,,盤後,,after
2024/04/15,TX,202404,20544.0,20605.0,20460.0,20508.0,-245,-1.18%,114946,20506.0,52136.0,20505,20508,20893,17220,,一般,,day
2024/04/16,TX,202404,20498.0,20588.0,20254.0,20290.0,-216,-1.05%,71781,,,20289,20293,20893,17220,,盤後,,after
2024/04/16,TX,202404,20278.0,20286.0,19798.0,19953.0,-553,-2.70%,175352,19947.0,27252.0,19945,19952,20893,17220,,一般,,day
2024/04/17,TX,202405,19979.0,20242.0,19955.0,20185.0,203,1.02%,78050,20189.0,68100.0,20183,20184,20918,18754,,一般,,day
2024/04/17,TX,202404,19926.0,19974.0,19821.0,19924.0,-23,-0.12%,61058,,,19925,19928,20893,17220,,盤後,,after
2024/04/18,TX,202405,20070.0,20359.0,20025.0,20358.0,169,0.84%,120221,20353.0,70527.0,20355,20358,20918,18754,,一般,,day
2024/04/18,TX,202405,20148.0,20171.0,19933.0,20019.0,-170,-0.84%,78254,,,20011,20020,20918,18754,,盤後,,after
2024/04/19,TX,202405,19840.0,19924.0,19265.0,19546.0,-807,-3.97%,237961,19559.0,69324.0,19547,19549,20918,18754,,一般,,day
2024/04/19,TX,202405,20380.0,20449.0,19915.0,19998.0,-355,-1.74%,130556,,,19994,19998,20918,18754,,盤後,,after
2024/04/22,TX,202405,19620.0,19715.0,19445.0,19524.0,-35,-0.18%,135191,19528.0,64468.0,19526,19527,20918,18754,,一般,,day
2024/04/22,TX,202405,19615.0,19766.0,19559.0,19585.0,26,0.13%,92446,,,19585,19588,20918,18754,,盤後,,after
2024/04/23,TX,202405,19559.0,19728.0,19492.0,19684.0,156,0.80%,54991,,,19683,19686,20918,18754,,盤後,,after
2024/04/23,TX,202405,19651.0,19745.0,19554.0,19677.0,149,0.76%,100612,19680.0,66999.0,19677,19681,20918,18754,,一般,,day
2024/04/24,TX,202405,19690.0,19888.0,19678.0,19882.0,202,1.03%,56818,,,19876,19878,20918,18754,,盤後,,after
2024/04/24,TX,202405,19930.0,20202.0,19916.0,20170.0,490,2.49%,101458,20170.0,70681.0,20170,20175,20918,18754,,一般,,day
2024/04/25,TX,202405,20159.0,20160.0,19934.0,19970.0,-200,-0.99%,81449,,,19970,19972,20918,18754,,盤後,,after
2024/04/25,TX,202405,19940.0,19979.0,19834.0,19885.0,-285,-1.41%,96972,19880.0,67785.0,19877,19884,20918,18754,,一般,,day
2024/04/26,TX,202405,20126.0,20271.0,20070.0,20178.0,298,1.50%,113798,20176.0,68404.0,20178,20181,20918,18754,,一般,,day
2024/04/26,TX,202405,19883.0,20139.0,19710.0,20130.0,250,1.26%,124035,,,20128,20130,20918,18754,,盤後,,after
2024/04/29,TX,202405,20350.0,20560.0,20310.0,20552.0,376,1.86%,97993,20550.0,73761.0,20551,20552,20918,18754,,一般,,day
2024/04/29,TX,202405,20201.0,20266.0,20120.0,20252.0,76,0.38%,66992,,,20245,20253,20918,18754,,盤後,,after
2024/04/30,TX,202405,20518.0,20576.0,20404.0,20413.0,-137,-0.67%,77061,20413.0,70218.0,20412,20413,20918,18754,,一般,,day
2024/04/30,TX,202405,20528.0,20550.0,20402.0,20505.0,-45,-0.22%,53184,,,20505,20510,20918,18754,,盤後,,after
2024/05/02,TX,202405,20250.0,20380.0,20215.0,20291.0,-122,-0.60%,90193,20292.0,69380.0,20291,20292,20918,18754,,一般,,day
2024/05/02,TX,202405,20445.0,20466.0,20265.0,20271.0,-142,-0.70%,68790,,,20269,20277,20918,18754,,盤後,,after
2024/05/03,TX,202405,20291.0,20514.0,20192.0,20513.0,221,1.09%,79386,,,20510,20514,20918,18754,,盤後,,after
2024/05/03,TX,202405,20548.0,20597.0,20306.0,20382.0,90,0.44%,100974,20382.0,70362.0,20380,20382,20918,18754,,一般,,day
2024/05/06,TX,202405,20366.0,20694.0,20333.0,20682.0,300,1.47%,79907,,,20682,20685,20918,18754,,盤後,,after
2024/05/06,TX,202405,20685.0,20714.0,20562.0,20602.0,220,1.08%,83722,20601.0,73198.0,20599,20602,20918,18754,,一般,,day
2024/05/07,TX,202405,20624.0,20760.0,20610.0,20743.0,142,0.69%,41046,,,20742,20743,20918,18754,,盤後,,after
2024/05/07,TX,202405,20733.0,20756.0,20536.0,20650.0,49,0.24%,85595,20648.0,71409.0,20640,20650,20918,18754,,一般,,day
2024/05/08,TX,202405,20618.0,20738.0,20574.0,20725.0,77,0.37%,73449,20724.0,71217.0,20719,20725,20918,18754,,一般,,day
2024/05/08,TX,202405,20655.0,20684.0,20609.0,20627.0,-21,-0.10%,36969,,,20627,20630,20918,18754,,盤後,,after
2024/05/09,TX,202405,20707.0,20763.0,20605.0,20612.0,-112,-0.54%,79443,20612.0,67471.0,20612,20615,20918,18754,,一般,,day
2024/05/09,TX,202405,20750.0,20756.0,20614.0,20722.0,-2,-0.01%,52248,,,20718,20722,20918,18754,,盤後,,after
2024/05/10,TX,202405,20606.0,20722.0,20559.0,20700.0,88,0.43%,50064,,,20700,20709,20918,18754,,盤後,,after
2024/05/10,TX,202405,20738.0,20828.0,20616.0,20809.0,197,0.96%,97925,20812.0,63044.0,20809,20815,20918,18754,,一般,,day
2024/05/13,TX,202405,20834.0,20984.0,20827.0,20948.0,136,0.65%,61960,,,20944,20948,20984,18754,,盤後,,after
2024/05/13,TX,202405,20942.0,20965.0,20833.0,20883.0,71,0.34%,98279,20881.0,42670.0,20881,20882,20984,18754,,一般,,day
2024/05/14,TX,202405,20887.0,20944.0,20853.0,20883.0,2,0.01%,30091,,,20876,20884,20984,18754,,盤後,,after
2024/05/14,TX,202405,20892.0,21015.0,20868.0,21013.0,132,0.63%,83853,21006.0,29010.0,21008,21013,21015,18754,,一般,,day
2024/05/15,TX,202405,21018.0,21177.0,20944.0,21170.0,164,0.78%,44716,,,21170,21171,21177,18754,,盤後,,after
2024/05/15,TX,202405,21184.0,21361.0,21116.0,21143.0,137,0.65%,63511,0.0,13984.0,21142,21143,21361,18754,,一般,,day
2024/05/16,TX,202406,21465.0,21556.0,21326.0,21370.0,127,0.60%,104856,21372.0,69086.0,21370,21371,21556,16016,,一般,,day
2024/05/16,TX,202406,21244.0,21484.0,21240.0,21453.0,210,0.99%,62347,,,21448,21454,21484,16016,,盤後,,after
2024/05/17,TX,202406,21303.0,21407.0,21288.0,21336.0,-36,-0.17%,71837,21335.0,69083.0,21335,21336,21556,16016,,一般,,day
2024/05/17,TX,202406,21351.0,21440.0,21268.0,21285.0,-87,-0.41%,48216,,,21282,21285,21556,16016,,盤後,,after
2024/05/20,TX,202406,21346.0,21460.0,21304.0,21388.0,53,0.25%,41838,,,21384,21388,21556,16016,,盤後,,after
2024/05/20,TX,202406,21435.0,21485.0,21153.0,21302.0,-33,-0.15%,109398,21299.0,70697.0,21297,21302,21556,16016,,一般,,day
2024/05/21,TX,202406,21314.0,21387.0,21239.0,21363.0,64,0.30%,42056,,,21360,21364,21556,16016,,盤後,,after
2024/05/21,TX,202406,21324.0,21350.0,21165.0,21277.0,-22,-0.10%,74973,21282.0,71764.0,21277,21278,21556,16016,,一般,,day
2024/05/22,TX,202406,21282.0,21335.0,21260.0,21311.0,29,0.14%,33101,,,21310,21312,21556,16016,,盤後,,after
2024/05/22,TX,202406,21293.0,21613.0,21283.0,21583.0,301,1.41%,95352,21581.0,78353.0,21582,21584,21613,16016,,一般,,day
2024/05/23,TX,202406,21630.0,21661.0,21492.0,21604.0,23,0.11%,85458,21605.0,76142.0,21603,21605,21661,16016,,一般,,day
2024/05/23,TX,202406,21576.0,21593.0,21433.0,21549.0,-32,-0.15%,48873,,,21549,21553,21613,16016,,盤後,,after
2024/05/24,TX,202406,21606.0,21691.0,21390.0,21421.0,-184,-0.85%,79324,,,21421,21427,21691,16016,,盤後,,after
2024/05/24,TX,202406,21448.0,21617.0,21414.0,21565.0,-40,-0.19%,74314,21568.0,76945.0,21565,21567,21691,16016,,一般,,day
2024/05/27,TX,202406,21670.0,21917.0,21655.0,21875.0,307,1.42%,88063,21870.0,78958.0,21872,21875,21917,16016,,一般,,day
2024/05/27,TX,202406,21560.0,21698.0,21544.0,21655.0,87,0.40%,48736,,,21655,21660,21698,16016,,盤後,,after
2024/05/28,TX,202406,21872.0,21928.0,21855.0,21900.0,30,0.14%,20920,,,21889,21900,21928,16016,,盤後,,after
2024/05/28,TX,202406,21892.0,21994.0,21845.0,21954.0,84,0.38%,71888,21951.0,79564.0,21953,21954,21994,16016,,一般,,day
2024/05/29,TX,202406,21956.0,21970.0,21833.0,21919.0,-32,-0.15%,43209,,,21917,21919,21994,16016,,盤後,,after
2024/05/29,TX,202406,21865.0,21907.0,21720.0,21722.0,-229,-1.04%,85938,21730.0,79859.0,21726,21727,21994,16016,,一般,,day
2024/05/30,TX,202406,21722.0,21741.0,21547.0,21556.0,-174,-0.80%,59709,,,21556,21563,21994,16016,,盤後,,after
2024/05/30,TX,202406,21512.0,21553.0,21368.0,21391.0,-339,-1.56%,100242,21395.0,79612.0,21390,21392,21994,16016,,一般,,day
2024/05/31,TX,202406,21505.0,21583.0,21253.0,21285.0,-110,-0.51%,130856,21288.0,83655.0,21283,21288,21994,16016,,一般,,day
2024/05/31,TX,202406,21404.0,21641.0,21397.0,21563.0,168,0.79%,67887,,,21561,21563,21994,16016,,盤後,,after
2024/06/03,TX,202406,21469.0,21698.0,21424.0,21654.0,366,1.72%,116258,21655.0,86389.0,21651,21654,21994,16016,,一般,,day
2024/06/03,TX,202406,21287.0,21428.0,21129.0,21353.0,65,0.31%,95267,,,21352,21365,21994,16016,,盤後,,after
2024/06/04,TX,202406,21560.0,21574.0,21284.0,21320.0,-335,-1.55%,111097,21327.0,83092.0,21320,21324,21994,16016,,一般,,day
2024/06/04,TX,202406,21653.0,21666.0,21405.0,21559.0,-96,-0.44%,71733,,,21557,21562,21994,16016,,盤後,,after
2024/06/05,TX,202406,21286.0,21334.0,21135.0,21302.0,-25,-0.12%,81620,,,21297,21303,21994,16016,,盤後,,after
2024/06/05,TX,202406,21350.0,21493.0,21226.0,21463.0,136,0.64%,108838,21460.0,82316.0,21463,21467,21994,16016,,一般,,day
2024/06/06,TX,202406,21458.0,21799.0,21373.0,21787.0,327,1.52%,78334,,,21787,21790,21994,16016,,盤後,,after
2024/06/06,TX,202406,21825.0,21962.0,21791.0,21875.0,415,1.93%,109836,21873.0,82862.0,21872,21875,21994,16016,,一般,,day
2024/06/07,TX,202406,21893.0,21932.0,21743.0,21814.0,-59,-0.27%,65022,,,21814,21815,21994,16016,,盤後,,after
2024/06/07,TX,202406,21839.0,21908.0,21781.0,21897.0,24,0.11%,69801,21894.0,80182.0,21894,21897,21994,16016,,一般,,day
2024/06/11,TX,202406,21898.0,21928.0,21730.0,21793.0,-101,-0.46%,69468,,,21793,21797,21994,16016,,盤後,,after
2024/06/11,TX,202406,21920.0,21970.0,21783.0,21798.0,-96,-0.44%,94289,21801.0,75320.0,21798,21802,21994,16016,,一般,,day
2024/06/12,TX,202406,21829.0,22063.0,21790.0,22046.0,245,1.12%,95615,22046.0,78963.0,22045,22047,22063,16016,,一般,,day
2024/06/12,TX,202406,21816.0,21858.0,21646.0,21837.0,36,0.17%,56673,,,21834,21840,21994,16016,,盤後,,after
2024/06/13,TX,202406,22308.0,22473.0,22207.0,22323.0,277,1.26%,114828,22325.0,75421.0,22323,22326,22473,16016,,一般,,day
2024/06/13,TX,202406,22056.0,22340.0,22020.0,22286.0,240,1.09%,76415,,,22285,22290,22340,16016,,盤後,,after
2024/06/14,TX,202406,22325.0,22403.0,22181.0,22270.0,-55,-0.25%,67383,,,22265,22270,22473,16016,,盤後,,after
2024/06/14,TX,202406,22274.0,22514.0,22270.0,22511.0,186,0.83%,86467,22510.0,71619.0,22511,22513,22514,16016,,一般,,day
2024/06/17,TX,202406,22500.0,22506.0,22363.0,22457.0,-53,-0.24%,55879,,,22457,22463,22514,16016,,盤後,,after
2024/06/17,TX,202406,22430.0,22554.0,22420.0,22477.0,-33,-0.15%,91913,22477.0,45429.0,22475,22477,22554,16016,,一般,,day
2024/06/18,TX,202406,22489.0,22767.0,22482.0,22734.0,257,1.14%,56101,,,22733,22734,22767,16016,,盤後,,after
2024/06/18,TX,202406,22726.0,22812.0,22666.0,22786.0,309,1.37%,98310,22786.0,29985.0,22783,22784,22812,16016,,一般,,day
2024/06/19,TX,202406,22956.0,23291.0,22940.0,23225.0,439,1.93%,79725,0.0,15948.0,23225,23226,23291,16016,,一般,,day
2024/06/19,TX,202406,22785.0,23008.0,22774.0,22947.0,161,0.71%,57576,,,22941,22947,23008,16016,,盤後,,after
2024/06/20,TX,202407,23153.0,23380.0,23106.0,23378.0,243,1.05%,90192,23377.0,79838.0,23378,23379,23380,19165,,一般,,day
2024/06/20,TX,202407,23150.0,23228.0,23085.0,23144.0,9,0.04%,40683,,,23135,23146,23228,19165,,盤後,,after
2024/06/21,TX,202407,23034.0,23291.0,23025.0,23210.0,-167,-0.71%,98199,23207.0,79392.0,23207,23210,23400,19165,,一般,,day
2024/06/21,TX,202407,23354.0,23400.0,22974.0,23058.0,-319,-1.36%,93075,,,23054,23060,23400,19165,,盤後,,after
2024/06/24,TX,202407,23198.0,23211.0,22700.0,23030.0,-177,-0.76%,95856,,,23030,23031,23400,19165,,盤後,,after
2024/06/24,TX,202407,23050.0,23073.0,22708.0,22746.0,-461,-1.99%,125022,22754.0,77031.0,22746,22750,23400,19165,,一般,,day
2024/06/25,TX,202407,22768.0,22850.0,22572.0,22590.0,-164,-0.72%,76947,,,22586,22597,23400,19165,,盤後,,after
2024/06/25,TX,202407,22608.0,22776.0,22410.0,22743.0,-11,-0.05%,126047,22747.0,76265.0,22741,22743,23400,19165,,一般,,day
2024/06/26,TX,202407,22722.0,22819.0,22611.0,22816.0,69,0.30%,57595,,,22809,22816,23400,19165,,盤後,,after
2024/06/26,TX,202407,22806.0,23005.0,22744.0,22872.0,125,0.55%,113347,22876.0,80383.0,22870,22872,23400,19165,,一般,,day
2024/06/27,TX,202407,22870.0,22938.0,22612.0,22685.0,-191,-0.83%,77898,,,22681,22690,23400,19165,,盤後,,after
2024/06/27,TX,202407,22614.0,22822.0,22555.0,22793.0,-83,-0.36%,83796,22797.0,78201.0,22793,22794,23400,19165,,一般,,day
2024/06/28,TX,202407,22810.0,22967.0,22751.0,22858.0,61,0.27%,72131,,,22857,22858,23400,19165,,盤後,,after
2024/06/28,TX,202407,22908.0,23117.0,22793.0,22983.0,186,0.82%,103428,22980.0,81762.0,22983,22984,23400,19165,,一般,,day
2024/07/01,TX,202407,22978.0,23104.0,22850.0,22945.0,-35,-0.15%,69865,,,22945,22947,23400,19165,,盤後,,after
2024/07/01,TX,202407,22960.0,23166.0,22938.0,22991.0,11,0.05%,83651,22993.0,82025.0,22990,22991,23400,19165,,一般,,day
2024/07/02,TX,202407,23000.0,23013.0,22800.0,22917.0,-76,-0.33%,66816,,,22917,22920,23400,19165,,盤後,,after
2024/07/02,TX,202407,22838.0,22993.0,22717.0,22831.0,-162,-0.70%,104985,22835.0,80084.0,22830,22832,23400,19165,,一般,,day
2024/07/03,TX,202407,22820.0,23096.0,22752.0,23051.0,216,0.95%,64970,,,23049,23053,23400,19165,,盤後,,after
2024/07/03,TX,202407,23073.0,23188.0,22981.0,23185.0,350,1.53%,83985,23183.0,82758.0,23185,23186,23400,19165,,一般,,day
2024/07/04,TX,202407,23202.0,23494.0,23171.0,23470.0,287,1.24%,62182,,,23467,23470,23494,19165,,盤後,,after
2024/07/04,TX,202407,23487.0,23626.0,23461.0,23624.0,441,1.90%,88198,23621.0,83790.0,23624,23625,23626,19165,,一般,,day
2024/07/05,TX,202407,23659.0,23677.0,23526.0,23570.0,-51,-0.22%,60596,23571.0,82017.0,23569,23572,23697,19165,,一般,,day
2024/07/05,TX,202407,23626.0,23697.0,23565.0,23608.0,-13,-0.06%,33364,,,23608,23615,23697,19165,,盤後,,after
2024/07/08,TX,202407,23581.0,23673.0,23461.0,23563.0,-8,-0.03%,53890,,,23565,23567,23697,19165,,盤後,,after
2024/07/08,TX,202407,23545.0,23994.0,23512.0,23913.0,342,1.45%,107009,23909.0,85253.0,23911,23913,23994,19165,,一般,,day
2024/07/09,TX,202407,23945.0,24092.0,23624.0,23878.0,-31,-0.13%,130797,23881.0,83035.0,23879,23882,24092,19165,,一般,,day
2024/07/09,TX,202407,23912.0,24053.0,23812.0,23868.0,-41,-0.17%,59905,,,23868,23870,24053,19165,,盤後,,after
2024/07/10,TX,202407,23856.0,23874.0,23710.0,23766.0,-115,-0.48%,48746,,,23761,23775,24092,19165,,盤後,,after
2024/07/10,TX,202407,23759.0,24014.0,23702.0,24000.0,119,0.50%,106474,24002.0,83357.0,24001,24004,24092,19165,,一般,,day
2024/07/11,TX,202407,24010.0,24252.0,23996.0,24251.0,249,1.04%,60251,,,24247,24251,24252,19165,,盤後,,after
2024/07/11,TX,202407,24251.0,24405.0,24160.0,24367.0,365,1.52%,93552,24371.0,82254.0,24367,24370,24405,19165,,一般,,day
2024/07/12,TX,202407,24038.0,24070.0,23784.0,23808.0,-563,-2.31%,115064,23814.0,76346.0,23807,23810,24449,19165,,一般,,day
2024/07/12,TX,202407,24346.0,24449.0,23981.0,24049.0,-322,-1.32%,100023,,,24047,24050,24449,19165,,盤後,,after
2024/07/15,TX,202407,23820.0,24184.0,23790.0,24055.0,241,1.01%,84470,,,24043,24051,24449,19165,,盤後,,after
2024/07/15,TX,202407,24091.0,24112.0,23756.0,23853.0,39,0.16%,128376,23851.0,51912.0,23850,23853,24449,19165,,一般,,day
2024/07/16,TX,202407,23830.0,24182.0,23824.0,24002.0,151,0.63%,129269,23994.0,31964.0,23998,24002,24449,19165,,一般,,day
2024/07/16,TX,202407,23877.0,24038.0,23711.0,23780.0,-71,-0.30%,76267,,,23770,23780,24449,19165,,盤後,,after
2024/07/17,TX,202407,23985.0,24086.0,23904.0,24064.0,70,0.29%,56544,,,24060,24065,24449,19165,,盤後,,after
2024/07/17,TX,202407,23980.0,24000.0,23647.0,23679.0,-315,-1.31%,82666,0.0,16600.0,23677,23679,24449,19165,,一般,,day
2024/07/18,TX,202408,23703.0,23733.0,23195.0,23238.0,-541,-2.28%,98066,,,23236,23239,24442,20959,,盤後,,after
2024/07/18,TX,202408,23294.0,23444.0,23154.0,23383.0,-396,-1.67%,126201,23387.0,84604.0,23382,23386,24442,20959,,一般,,day
2024/07/19,TX,202408,23519.0,23592.0,22872.0,23050.0,-337,-1.44%,169050,,,23050,23054,24442,20959,,盤後,,after
2024/07/19,TX,202408,23148.0,23185.0,22853.0,22909.0,-478,-2.04%,126482,22907.0,81798.0,22907,22909,24442,20959,,一般,,day
2024/07/22,TX,202408,22859.0,22906.0,22184.0,22379.0,-528,-2.30%,177941,22374.0,85117.0,22373,22380,24442,20959,,一般,,day
2024/07/22,TX,202408,22878.0,23009.0,22692.0,22785.0,-122,-0.53%,106983,,,22783,22785,24442,20959,,盤後,,after
2024/07/23,TX,202408,22399.0,22688.0,22366.0,22647.0,273,1.22%,72294,,,22640,22643,24442,20959,,盤後,,after
2024/07/23,TX,202408,22600.0,22871.0,22571.0,22830.0,456,2.04%,95310,22835.0,81335.0,22829,22830,24442,20959,,一般,,day
2024/07/26,TX,202408,22028.0,22156.0,21918.0,22095.0,-740,-3.24%,121567,22096.0,80936.0,22087,22095,24442,20959,,一般,,day
2024/07/26,TX,202408,22828.0,22866.0,22674.0,22720.0,-115,-0.50%,70956,,,22719,22721,24442,20959,,盤後,,after
2024/07/29,TX,202408,22080.0,22345.0,22076.0,22253.0,157,0.71%,74534,,,22240,22254,24442,20959,,盤後,,after
2024/07/29,TX,202408,22430.0,22519.0,22146.0,22261.0,165,0.75%,99245,22256.0,80737.0,22261,22262,24442,20959,,一般,,day
2024/07/30,TX,202408,22243.0,22266.0,21884.0,22001.0,-255,-1.15%,74452,,,22001,22006,24442,20959,,盤後,,after
2024/07/30,TX,202408,21933.0,22299.0,21809.0,22246.0,-10,-0.04%,126029,22252.0,81657.0,22246,22248,24442,20959,,一般,,day
2024/07/31,TX,202408,22050.0,22348.0,22013.0,22290.0,38,0.17%,109982,22284.0,80444.0,22287,22290,24442,20959,,一般,,day
2024/07/31,TX,202408,22250.0,22317.0,21786.0,21898.0,-354,-1.59%,91579,,,21897,21900,24442,20959,,盤後,,after
2024/08/01,TX,202408,22721.0,22728.0,22460.0,22653.0,369,1.66%,102459,22660.0,83214.0,22650,22655,24442,20959,,一般,,day
2024/08/01,TX,202408,22352.0,22687.0,22341.0,22687.0,403,1.81%,78971,,,22683,22687,24442,20959,,盤後,,after
2024/08/02,TX,202408,22000.0,22099.0,21508.0,21533.0,-1127,-4.97%,139674,21526.0,87386.0,21532,21537,24442,20959,,一般,,day
2024/08/02,TX,202408,22580.0,22635.0,22008.0,22128.0,-532,-2.35%,114543,,,22128,22133,24442,20959,,盤後,,after
2024/08/05,TX,202408,20712.0,20742.0,19374.0,19374.0,-2152,-10.00%,211207,19374.0,77869.0,-,19374,24442,19374,,一般,,day
2024/08/05,TX,202408,21495.0,21524.0,20951.0,21097.0,-429,-1.99%,132785,,,21054,21107,24442,20951,,盤後,,after
2024/08/06,TX,202408,19374.0,20375.0,18836.0,20223.0,849,4.38%,168624,,,20221,20239,24442,18836,,盤後,,after
2024/08/06,TX,202408,20395.0,20790.0,19589.0,20420.0,1046,5.40%,190100,20455.0,75639.0,20411,20425,24442,18836,,一般,,day
2024/08/07,TX,202408,20332.0,20746.0,19947.0,20320.0,-135,-0.66%,130921,,,20286,20313,24442,18836,,盤後,,after
2024/08/07,TX,202408,20500.0,21335.0,20494.0,21131.0,676,3.30%,155051,21142.0,78081.0,21132,21135,24442,18836,,一般,,day
2024/08/08,TX,202408,21061.0,21454.0,20684.0,20725.0,-417,-1.97%,122940,,,20710,20727,24442,18836,,盤後,,after
2024/08/08,TX,202408,20680.0,21082.0,20545.0,20696.0,-446,-2.11%,121331,20698.0,76723.0,20691,20700,24442,18836,,一般,,day
2024/08/09,TX,202408,21305.0,21593.0,21032.0,21481.0,783,3.78%,136829,21483.0,79384.0,21478,21480,24442,18836,,一般,,day
2024/08/09,TX,202408,20801.0,21444.0,20565.0,21429.0,731,3.53%,113437,,,21428,21430,24442,18836,,盤後,,after
2024/08/12,TX,202408,21650.0,21895.0,21600.0,21677.0,194,0.90%,89347,21676.0,78486.0,21673,21677,24442,18836,,一般,,day
2024/08/12,TX,202408,21507.0,21820.0,21331.0,21561.0,78,0.36%,105407,,,21560,21586,24442,18836,,盤後,,after
2024/08/13,TX,202408,21848.0,21898.0,21662.0,21769.0,93,0.43%,68585,21771.0,78430.0,21764,21769,24442,18836,,一般,,day
2024/08/13,TX,202408,21633.0,21924.0,21560.0,21803.0,127,0.59%,73517,,,21799,21804,24442,18836,,盤後,,after
2024/08/14,TX,202408,21805.0,22140.0,21692.0,22113.0,342,1.57%,66253,,,22108,22113,24442,18836,,盤後,,after
2024/08/14,TX,202408,22104.0,22158.0,21908.0,21978.0,207,0.95%,85768,21996.0,80441.0,21978,21984,24442,18836,,一般,,day
2024/08/15,TX,202408,22018.0,22202.0,21731.0,21954.0,-42,-0.19%,92122,,,21945,21955,24442,18836,,盤後,,after
2024/08/15,TX,202408,21993.0,22114.0,21836.0,21840.0,-156,-0.71%,71553,21840.0,78839.0,21837,21840,24442,18836,,一般,,day
2024/08/16,TX,202408,22324.0,22447.0,22277.0,22367.0,527,2.41%,83257,22365.0,73203.0,22366,22367,24442,18836,,一般,,day
2024/08/16,TX,202408,21839.0,22407.0,21753.0,22357.0,517,2.37%,78240,,,22353,22357,24442,18836,,盤後,,after
2024/08/19,TX,202408,22368.0,22401.0,22166.0,22343.0,-22,-0.10%,63139,,,22342,22351,24442,18836,,盤後,,after
2024/08/19,TX,202408,22400.0,22521.0,22320.0,22361.0,-4,-0.02%,103565,22361.0,48532.0,22359,22361,24442,18836,,一般,,day
2024/08/20,TX,202408,22555.0,22574.0,22389.0,22436.0,75,0.34%,84420,22435.0,27430.0,22436,22441,24442,18836,,一般,,day
2024/08/20,TX,202408,22325.0,22578.0,22246.0,22555.0,194,0.87%,51466,,,22553,22557,24442,18836,,盤後,,after
2024/08/21,TX,202408,22441.0,22496.0,22254.0,22313.0,-122,-0.54%,46391,,,22304,22313,24442,18836,,盤後,,after
2024/08/21,TX,202408,22311.0,22344.0,22151.0,22200.0,-235,-1.05%,47368,0.0,13630.0,22200,22201,24442,18836,,一般,,day
2024/08/22,TX,202409,22220.0,22301.0,22014.0,22254.0,52,0.23%,70802,,,22253,22258,24441,15810,,盤後,,after
2024/08/22,TX,202409,22229.0,22277.0,22026.0,22100.0,-102,-0.46%,72407,22100.0,80840.0,22100,22104,24441,15810,,一般,,day
2024/08/23,TX,202409,21942.0,22170.0,21865.0,22129.0,29,0.13%,67429,22123.0,80092.0,22125,22128,24441,15810,,一般,,day
2024/08/23,TX,202409,22157.0,22298.0,21765.0,21833.0,-267,-1.21%,92821,,,21831,21841,24441,15810,,盤後,,after
2024/08/26,TX,202409,22230.0,22450.0,22131.0,22206.0,83,0.38%,82518,22210.0,83602.0,22204,22206,24441,15810,,一般,,day
2024/08/26,TX,202409,22118.0,22439.0,22075.0,22290.0,167,0.75%,85430,,,22289,22290,24441,15810,,盤後,,after
2024/08/27,TX,202409,22192.0,22313.0,21992.0,22085.0,-125,-0.56%,56362,,,22079,22083,24441,15810,,盤後,,after
2024/08/27,TX,202409,22112.0,22210.0,21998.0,22146.0,-64,-0.29%,64037,22152.0,81648.0,22146,22159,24441,15810,,一般,,day
2024/08/28,TX,202409,22181.0,22414.0,22048.0,22401.0,249,1.12%,77112,22405.0,82358.0,22400,22404,24441,15810,,一般,,day
2024/08/28,TX,202409,22159.0,22315.0,22066.0,22238.0,86,0.39%,63385,,,22237,22238,24441,15810,,盤後,,after
2024/08/29,TX,202409,22431.0,22552.0,22099.0,22150.0,-255,-1.14%,81462,,,22150,22158,24441,15810,,盤後,,after
2024/08/29,TX,202409,21938.0,22245.0,21900.0,22176.0,-229,-1.02%,80378,22167.0,79788.0,22174,22176,24441,15810,,一般,,day
2024/08/30,TX,202409,22200.0,22478.0,22193.0,22281.0,114,0.51%,76830,,,22278,22281,24441,15810,,盤後,,after
2024/08/30,TX,202409,22320.0,22366.0,22213.0,22323.0,156,0.70%,62747,22318.0,82251.0,22321,22323,24441,15810,,一般,,day
2024/09/02,TX,202409,22318.0,22448.0,22172.0,22227.0,-91,-0.41%,72350,22212.0,84141.0,22224,22232,24441,15810,,一般,,day
2024/09/02,TX,202409,22318.0,22394.0,22095.0,22300.0,-18,-0.08%,67766,,,22297,22299,24441,15810,,盤後,,after
2024/09/03,TX,202409,22215.0,22267.0,22062.0,22220.0,8,0.04%,32432,,,22210,22220,24441,15810,,盤後,,after
2024/09/03,TX,202409,22205.0,22314.0,22000.0,22070.0,-142,-0.64%,72699,22051.0,82306.0,22065,22072,24441,15810,,一般,,day
2024/09/04,TX,202409,21246.0,21347.0,20828.0,20947.0,-1104,-5.01%,139676,20940.0,75158.0,20938,20944,24441,15810,,一般,,day
2024/09/04,TX,202409,22089.0,22154.0,21336.0,21364.0,-687,-3.12%,98691,,,21361,21364,24441,15810,,盤後,,after
2024/09/05,TX,202409,21310.0,21454.0,21056.0,21183.0,243,1.16%,85120,21183.0,73170.0,21179,21185,24441,15810,,一般,,day
2024/09/05,TX,202409,20960.0,21423.0,20916.0,21236.0,296,1.41%,89889,,,21228,21235,24441,15810,,盤後,,after
2024/09/06,TX,202409,21176.0,21475.0,21125.0,21362.0,179,0.85%,85570,,,21357,21363,24441,15810,,盤後,,after
2024/09/06,TX,202409,21211.0,21435.0,21013.0,21319.0,136,0.64%,92055,21316.0,72351.0,21316,21320,24441,15810,,一般,,day
2024/09/09,TX,202409,21299.0,21530.0,20550.0,20560.0,-756,-3.55%,139419,,,20558,20562,24441,15810,,盤後,,after
2024/09/09,TX,202409,20734.0,21125.0,20616.0,21073.0,-243,-1.14%,95274,21083.0,71092.0,21076,21078,24441,15810,,一般,,day
2024/09/10,TX,202409,21233.0,21281.0,20905.0,21000.0,-83,-0.39%,96570,21005.0,69425.0,20998,21000,24441,15810,,一般,,day
2024/09/10,TX,202409,21106.0,21348.0,21073.0,21310.0,227,1.08%,70473,,,21302,21310,24441,15810,,盤後,,after
2024/09/11,TX,202409,21100.0,21130.0,20950.0,21005.0,0,0.00%,74321,21006.0,70009.0,21005,21009,24441,15810,,一般,,day
2024/09/11,TX,202409,21023.0,21185.0,20819.0,21145.0,140,0.67%,84605,,,21142,21145,24441,15810,,盤後,,after
2024/09/12,TX,202409,21066.0,21580.0,20880.0,21517.0,511,2.43%,117032,,,21520,21524,24441,15810,,盤後,,after
2024/09/12,TX,202409,21597.0,21780.0,21461.0,21711.0,705,3.36%,91690,21703.0,67746.0,21707,21711,24441,15810,,一般,,day
2024/09/13,TX,202409,21800.0,21833.0,21657.0,21820.0,117,0.54%,74408,21815.0,53424.0,21820,21824,24441,15810,,一般,,day
2024/09/13,TX,202409,21702.0,21895.0,21579.0,21802.0,99,0.46%,72640,,,21801,21809,24441,15810,,盤後,,after
2024/09/16,TX,202409,21807.0,21871.0,21735.0,21813.0,-2,-0.01%,72650,21815.0,28744.0,21813,21816,24441,15810,,一般,,day
2024/09/16,TX,202409,21789.0,21892.0,21745.0,21839.0,24,0.11%,42886,,,21832,21838,24441,15810,,盤後,,after
2024/09/18,TX,202409,21800.0,21849.0,21600.0,21739.0,-76,-0.35%,44021,,,21726,21744,24441,15810,,盤後,,after
2024/09/18,TX,202409,21730.0,21872.0,21560.0,21619.0,-196,-0.90%,46802,0.0,17137.0,21618,21619,24441,15810,,一般,,day
2024/09/19,TX,202410,21714.0,21950.0,21605.0,21651.0,-43,-0.20%,73900,,,21650,21652,23578,18900,,盤後,,after
2024/09/19,TX,202410,21763.0,22082.0,21661.0,22074.0,380,1.75%,82818,22075.0,73946.0,22072,22074,23578,18900,,一般,,day
2024/09/20,TX,202410,22345.0,22425.0,22186.0,22220.0,145,0.66%,69559,22216.0,77252.0,22218,22220,23578,18900,,一般,,day
2024/09/20,TX,202410,22099.0,22434.0,22083.0,22353.0,278,1.26%,62929,,,22349,22353,23578,18900,,盤後,,after
2024/09/23,TX,202410,22228.0,22281.0,22097.0,22194.0,-22,-0.10%,51196,,,22192,22194,23578,18900,,盤後,,after
2024/09/23,TX,202410,22291.0,22392.0,22258.0,22338.0,122,0.55%,52925,22338.0,79093.0,22335,22344,23578,18900,,一般,,day
2024/09/24,TX,202410,22300.0,22390.0,22194.0,22318.0,-20,-0.09%,47069,,,22313,22318,23578,18900,,盤後,,after
2024/09/24,TX,202410,22298.0,22508.0,22152.0,22491.0,153,0.68%,77440,22493.0,76019.0,22490,22492,23578,18900,,一般,,day
2024/09/25,TX,202410,22835.0,22860.0,22739.0,22792.0,299,1.33%,63897,22792.0,79930.0,22788,22794,23578,18900,,一般,,day
2024/09/25,TX,202410,22553.0,22903.0,22504.0,22825.0,332,1.48%,72211,,,22826,22835,23578,18900,,盤後,,after
2024/09/26,TX,202410,22766.0,23031.0,22747.0,22939.0,147,0.64%,56816,,,22936,22942,23578,18900,,盤後,,after
2024/09/26,TX,202410,23034.0,23078.0,22892.0,22957.0,165,0.72%,65948,22957.0,81470.0,22955,22957,23578,18900,,一般,,day
2024/09/27,TX,202410,23190.0,23195.0,22878.0,22884.0,-73,-0.32%,75657,22892.0,82677.0,22882,22884,23578,18900,,一般,,day
2024/09/27,TX,202410,23007.0,23395.0,23006.0,23211.0,254,1.11%,89033,,,23202,23212,23578,18900,,盤後,,after
2024/09/30,TX,202410,22699.0,22755.0,22316.0,22326.0,-566,-2.47%,87164,22326.0,80080.0,22326,22328,23578,18900,,一般,,day
2024/09/30,TX,202410,22873.0,22981.0,22632.0,22651.0,-241,-1.05%,80351,,,22645,22658,23578,18900,,盤後,,after
2024/10/01,TX,202410,22334.0,22435.0,22006.0,22210.0,-116,-0.52%,72570,,,22202,22211,23578,18900,,盤後,,after
2024/10/01,TX,202410,22246.0,22463.0,22228.0,22391.0,65,0.29%,57504,22391.0,80872.0,22390,22398,23578,18900,,一般,,day
2024/10/04,TX,202410,22403.0,22439.0,21889.0,22100.0,-291,-1.30%,90035,,,22103,22107,23578,18900,,盤後,,after
2024/10/04,TX,202410,22331.0,22507.0,22250.0,22284.0,-107,-0.48%,83107,22288.0,79065.0,22281,22288,23578,18900,,一般,,day
2024/10/07,TX,202410,22570.0,22808.0,22539.0,22779.0,491,2.20%,76667,22767.0,82989.0,22776,22780,23578,18900,,一般,,day
2024/10/07,TX,202410,22324.0,22660.0,22237.0,22522.0,234,1.05%,77852,,,22522,22526,23578,18900,,盤後,,after
2024/10/08,TX,202410,22751.0,22757.0,22453.0,22560.0,-207,-0.91%,57793,,,22559,22570,23578,18900,,盤後,,after
2024/10/08,TX,202410,22606.0,22634.0,22392.0,22575.0,-192,-0.84%,73369,22578.0,77985.0,22575,22582,23578,18900,,一般,,day
2024/10/09,TX,202410,22599.0,22834.0,22542.0,22791.0,213,0.94%,53356,,,22787,22791,23578,18900,,盤後,,after
2024/10/09,TX,202410,22770.0,22888.0,22666.0,22702.0,124,0.55%,66303,22699.0,78346.0,22700,22702,23578,18900,,一般,,day
2024/10/11,TX,202410,22829.0,23047.0,22794.0,22912.0,213,0.94%,69251,22911.0,77427.0,22912,22915,23578,18900,,一般,,day
2024/10/11,TX,202410,22666.0,22836.0,22569.0,22789.0,90,0.40%,51693,,,22784,22790,23578,18900,,盤後,,after
2024/10/14,TX,202410,22911.0,23076.0,22817.0,23040.0,129,0.56%,40044,,,23035,23040,23578,18900,,盤後,,after
2024/10/14,TX,202410,22987.0,23049.0,22818.0,23008.0,97,0.42%,85874,23005.0,51580.0,23008,23012,23578,18900,,一般,,day
2024/10/15,TX,202410,23168.0,23386.0,23101.0,23225.0,220,0.96%,79192,23228.0,32192.0,23224,23226,23578,18900,,一般,,day
2024/10/15,TX,202410,23050.0,23196.0,23017.0,23160.0,155,0.67%,36452,,,23157,23160,23578,18900,,盤後,,after
2024/10/16,TX,202411,22952.0,23260.0,22921.0,23063.0,-225,-0.97%,49987,23061.0,70333.0,23063,23064,23441,20599,,一般,,day
2024/10/16,TX,202410,23211.0,23262.0,22809.0,22870.0,-358,-1.54%,63237,,,22871,22877,23578,18900,,盤後,,after
2024/10/17,TX,202411,23059.0,23248.0,23025.0,23175.0,114,0.49%,43348,,,23172,23176,23441,20599,,盤後,,after
2024/10/17,TX,202411,23142.0,23277.0,23005.0,23256.0,195,0.85%,75826,23256.0,71693.0,23256,23258,23441,20599,,一般,,day
2024/10/18,TX,202411,23820.0,23840.0,23527.0,23657.0,401,1.72%,90326,23657.0,74956.0,23658,23659,23988,20599,,一般,,day
2024/10/18,TX,202411,23497.0,23988.0,23450.0,23884.0,628,2.70%,90663,,,23884,23886,23988,20599,,盤後,,after
2024/10/21,TX,202411,23686.0,23883.0,23686.0,23725.0,68,0.29%,47207,,,23725,23727,23988,20599,,盤後,,after
2024/10/21,TX,202411,23810.0,23836.0,23566.0,23567.0,-90,-0.38%,53481,23574.0,74766.0,23570,23575,23988,20599,,一般,,day
2024/10/22,TX,202411,23560.0,23688.0,23431.0,23660.0,86,0.36%,56166,,,23655,23668,23988,20599,,盤後,,after
2024/10/22,TX,202411,23560.0,23637.0,23332.0,23633.0,59,0.25%,70377,23621.0,72949.0,23629,23633,23988,20599,,一般,,day
2024/10/23,TX,202411,23498.0,23511.0,23336.0,23406.0,-215,-0.91%,65409,23409.0,72810.0,23403,23407,23988,20599,,一般,,day
2024/10/23,TX,202411,23611.0,23667.0,23476.0,23561.0,-60,-0.25%,46553,,,23560,23566,23988,20599,,盤後,,after
2024/10/24,TX,202411,23383.0,23449.0,23203.0,23304.0,-105,-0.45%,73038,23290.0,71208.0,23301,23304,23988,20599,,一般,,day
2024/10/24,TX,202411,23402.0,23465.0,23133.0,23300.0,-109,-0.47%,68271,,,23300,23303,23988,20599,,盤後,,after
2024/10/25,TX,202411,23270.0,23487.0,23252.0,23481.0,191,0.82%,57307,23476.0,74207.0,23479,23481,23988,20599,,一般,,day
2024/10/25,TX,202411,23290.0,23421.0,23206.0,23287.0,-3,-0.01%,45408,,,23274,23287,23988,20599,,盤後,,after
2024/10/28,TX,202411,23461.0,23709.0,23461.0,23551.0,75,0.32%,52029,,,23547,23551,23988,20599,,盤後,,after
2024/10/28,TX,202411,23650.0,23657.0,23216.0,23326.0,-150,-0.64%,84796,23322.0,74614.0,23320,23327,23988,20599,,一般,,day
2024/10/29,TX,202411,23334.0,23386.0,23123.0,23168.0,-154,-0.66%,48705,,,23164,23176,23988,20599,,盤後,,after
2024/10/29,TX,202411,23137.0,23148.0,22693.0,22976.0,-346,-1.48%,107580,22979.0,74625.0,22975,22976,23988,20599,,一般,,day
2024/10/30,TX,202411,23016.0,23138.0,22879.0,23055.0,76,0.33%,48737,,,23045,23055,23988,20599,,盤後,,after
2024/10/30,TX,202411,23072.0,23145.0,22845.0,22904.0,-75,-0.33%,63255,22901.0,73683.0,22901,22904,23988,20599,,一般,,day
2024/11/01,TX,202411,22939.0,22996.0,22635.0,22700.0,-201,-0.88%,63036,,,22699,22700,23988,20599,,盤後,,after
2024/11/01,TX,202411,22397.0,22822.0,22232.0,22753.0,-148,-0.65%,87411,22767.0,71644.0,22753,22756,23988,20599,,一般,,day
2024/11/04,TX,202411,22767.0,23046.0,22700.0,23041.0,274,1.20%,65879,23036.0,72446.0,23037,23040,23988,20599,,一般,,day
2024/11/04,TX,202411,22756.0,22986.0,22692.0,22781.0,14,0.06%,51790,,,22780,22782,23988,20599,,盤後,,after
2024/11/05,TX,202411,22808.0,23239.0,22782.0,23135.0,99,0.43%,73010,23137.0,72684.0,23136,23142,23988,20599,,一般,,day
2024/11/05,TX,202411,23039.0,23107.0,22801.0,22848.0,-188,-0.82%,49475,,,22847,22855,23988,20599,,盤後,,after
2024/11/06,TX,202411,23136.0,23346.0,23047.0,23250.0,113,0.49%,46978,,,23248,23249,23988,20599,,盤後,,after
2024/11/06,TX,202411,23250.0,23448.0,23051.0,23324.0,187,0.81%,102643,23319.0,74000.0,23324,23327,23988,20599,,一般,,day
2024/11/07,TX,202411,23385.0,23475.0,22938.0,23241.0,-78,-0.33%,81016,,,23240,23248,23988,20599,,盤後,,after
2024/11/07,TX,202411,23183.0,23576.0,23085.0,23532.0,213,0.91%,78519,23525.0,75116.0,23533,23534,23988,20599,,一般,,day
2024/11/08,TX,202411,23555.0,23744.0,23478.0,23741.0,216,0.92%,40523,,,23736,23742,23988,20599,,盤後,,after
2024/11/08,TX,202411,23772.0,23794.0,23528.0,23781.0,256,1.09%,71139,23774.0,73378.0,23779,23781,23988,20599,,一般,,day
2024/11/11,TX,202411,23555.0,23632.0,23309.0,23573.0,-201,-0.85%,71558,23572.0,74767.0,23573,23575,23988,20599,,一般,,day
2024/11/11,TX,202411,23758.0,23840.0,23494.0,23564.0,-210,-0.88%,61076,,,23564,23565,23988,20599,,盤後,,after
2024/11/12,TX,202411,23554.0,23564.0,22958.0,23114.0,-458,-1.94%,63036,,,23109,23120,23988,20599,,盤後,,after
2024/11/12,TX,202411,23013.0,23242.0,22863.0,22869.0,-703,-2.98%,84421,22875.0,73649.0,22868,22870,23988,20599,,一般,,day
2024/11/13,TX,202411,22755.0,23015.0,22730.0,22783.0,-92,-0.40%,73177,22786.0,70949.0,22779,22783,23988,20599,,一般,,day
2024/11/13,TX,202411,22871.0,22926.0,22572.0,22835.0,-40,-0.17%,72717,,,22830,22839,23988,20599,,盤後,,after
2024/11/14,TX,202411,22840.0,23078.0,22674.0,22805.0,19,0.08%,73131,,,22802,22810,23988,20599,,盤後,,after
2024/11/14,TX,202411,22786.0,22880.0,22576.0,22684.0,-102,-0.45%,86815,22692.0,70720.0,22680,22685,23988,20599,,一般,,day
2024/11/15,TX,202411,22649.0,22879.0,22592.0,22708.0,16,0.07%,53368,,,22704,22707,23988,20599,,盤後,,after
2024/11/15,TX,202411,22710.0,22930.0,22684.0,22759.0,67,0.30%,71504,22762.0,68388.0,22758,22760,23988,20599,,一般,,day
2024/11/18,TX,202411,22733.0,22832.0,22470.0,22550.0,-212,-0.93%,55490,,,22550,22556,23988,20599,,盤後,,after
2024/11/18,TX,202411,22654.0,22789.0,22544.0,22574.0,-188,-0.83%,93348,22573.0,45523.0,22572,22577,23988,20599,,一般,,day
2024/11/19,TX,202411,22588.0,22659.0,22339.0,22622.0,49,0.22%,53649,,,22622,22623,23988,20599,,盤後,,after
2024/11/19,TX,202411,22641.0,22995.0,22592.0,22850.0,277,1.23%,90975,22848.0,22530.0,22849,22850,23988,20599,,一般,,day
2024/11/20,TX,202412,22947.0,22999.0,22755.0,22773.0,-122,-0.53%,40878,22779.0,72806.0,22773,22777,24463,16885,,一般,,day
2024/11/20,TX,202411,22874.0,22929.0,22654.0,22858.0,10,0.04%,56943,,,22851,22860,23988,20599,,盤後,,after
2024/11/21,TX,202412,22647.0,22733.0,22514.0,22573.0,-206,-0.90%,74026,22575.0,76311.0,22571,22578,24463,16885,,一般,,day
2024/11/21,TX,202412,22805.0,22822.0,22496.0,22746.0,-33,-0.14%,55520,,,22745,22749,24463,16885,,盤後,,after
2024/11/22,TX,202412,22588.0,22837.0,22393.0,22801.0,226,1.00%,91974,,,22794,22800,24463,16885,,盤後,,after
2024/11/22,TX,202412,22811.0,23066.0,22780.0,23038.0,463,2.05%,71376,23032.0,75719.0,23035,23038,24463,16885,,一般,,day
2024/11/25,TX,202412,23064.0,23137.0,22976.0,23052.0,20,0.09%,46783,,,23045,23051,24463,16885,,盤後,,after
2024/11/25,TX,202412,23254.0,23287.0,23014.0,23066.0,34,0.15%,61805,23062.0,81318.0,23063,23066,24463,16885,,一般,,day
2024/11/26,TX,202412,23021.0,23030.0,22775.0,22855.0,-207,-0.90%,48363,,,22850,22855,24463,16885,,盤後,,after
2024/11/26,TX,202412,22710.0,22845.0,22615.0,22636.0,-426,-1.85%,68259,22634.0,81107.0,22636,22638,24463,16885,,一般,,day
2024/11/27,TX,202412,22600.0,22690.0,22341.0,22347.0,-287,-1.27%,67320,22352.0,81400.0,22343,22348,24463,16885,,一般,,day
2024/11/27,TX,202412,22622.0,22762.0,22493.0,22651.0,17,0.08%,50607,,,22647,22652,24463,16885,,盤後,,after
2024/11/28,TX,202412,22302.0,22385.0,22117.0,22337.0,-15,-0.07%,75167,22330.0,81045.0,22335,22337,24463,16885,,一般,,day
2024/11/28,TX,202412,22395.0,22468.0,22047.0,22268.0,-84,-0.38%,62298,,,22269,22273,24463,16885,,盤後,,after
2024/11/29,TX,202412,22333.0,22333.0,22183.0,22277.0,-53,-0.24%,21722,,,22276,22280,24463,16885,,盤後,,after
2024/11/29,TX,202412,22210.0,22438.0,22004.0,22313.0,-17,-0.08%,84632,22307.0,79496.0,22309,22311,24463,16885,,一般,,day
2024/12/02,TX,202412,22297.0,22579.0,22160.0,22548.0,241,1.08%,55241,,,22543,22547,24463,16885,,盤後,,after
2024/12/02,TX,202412,22530.0,22828.0,22498.0,22827.0,520,2.33%,61921,22822.0,78718.0,22825,22828,24463,16885,,一般,,day
2024/12/03,TX,202412,22832.0,23129.0,22803.0,23102.0,280,1.23%,41164,,,23103,23104,24463,16885,,盤後,,after
2024/12/03,TX,202412,23152.0,23191.0,22999.0,23112.0,290,1.27%,64384,23111.0,77052.0,23110,23112,24463,16885,,一般,,day
2024/12/04,TX,202412,23200.0,23296.0,23071.0,23294.0,183,0.79%,52064,23286.0,75381.0,23294,23295,24463,16885,,一般,,day
2024/12/04,TX,202412,23086.0,23187.0,22936.0,23166.0,55,0.24%,55006,,,23165,23166,24463,16885,,盤後,,after
2024/12/05,TX,202412,23275.0,23365.0,23184.0,23317.0,31,0.13%,38809,,,23316,23324,24463,16885,,盤後,,after
2024/12/05,TX,202412,23260.0,23328.0,23211.0,23251.0,-35,-0.15%,45283,23252.0,74237.0,23251,23259,24463,16885,,一般,,day
2024/12/06,TX,202412,23321.0,23360.0,23134.0,23179.0,-73,-0.31%,60688,23180.0,73146.0,23175,23179,24463,16885,,一般,,day
2024/12/06,TX,202412,23268.0,23453.0,23241.0,23346.0,94,0.40%,32696,,,23343,23346,24463,16885,,盤後,,after
2024/12/09,TX,202412,23210.0,23328.0,23172.0,23252.0,72,0.31%,36462,,,23250,23252,24463,16885,,盤後,,after
2024/12/09,TX,202412,23193.0,23287.0,23170.0,23249.0,69,0.30%,47014,23250.0,73376.0,23249,23254,24463,16885,,一般,,day
2024/12/10,TX,202412,23235.0,23477.0,23216.0,23219.0,-31,-0.13%,47438,,,23216,23221,24463,16885,,盤後,,after
2024/12/10,TX,202412,23228.0,23337.0,23026.0,23090.0,-160,-0.69%,70540,23078.0,74389.0,23087,23091,24463,16885,,一般,,day
2024/12/11,TX,202412,23081.0,23144.0,22841.0,22850.0,-228,-0.99%,47047,,,22842,22850,24463,16885,,盤後,,after
2024/12/11,TX,202412,22887.0,23055.0,22824.0,22848.0,-230,-1.00%,60252,22847.0,76378.0,22847,22849,24463,16885,,一般,,day
2024/12/12,TX,202412,23004.0,23211.0,23003.0,23107.0,260,1.14%,59344,23107.0,77376.0,23106,23109,24463,16885,,一般,,day
2024/12/12,TX,202412,22864.0,23063.0,22800.0,23044.0,197,0.86%,39846,,,23038,23044,24463,16885,,盤後,,after
2024/12/13,TX,202412,22996.0,23092.0,22888.0,22986.0,-121,-0.52%,64309,22984.0,73029.0,22985,22988,24463,16885,,一般,,day
2024/12/13,TX,202412,23107.0,23142.0,22850.0,22899.0,-208,-0.90%,45772,,,22896,22899,24463,16885,,盤後,,after
2024/12/16,TX,202412,23220.0,23270.0,22946.0,22961.0,-23,-0.10%,95042,22966.0,44146.0,22960,22961,24463,16885,,一般,,day
2024/12/16,TX,202412,22999.0,23226.0,22933.0,23148.0,164,0.71%,50098,,,23147,23150,24463,16885,,盤後,,after
2024/12/17,TX,202412,22987.0,23173.0,22962.0,23113.0,147,0.64%,36868,,,23112,23115,24463,16885,,盤後,,after
2024/12/17,TX,202412,23105.0,23215.0,23024.0,23031.0,65,0.28%,77090,23030.0,27667.0,23030,23033,24463,16885,,一般,,day
2024/12/18,TX,202412,23025.0,23029.0,22836.0,22961.0,-69,-0.30%,42129,,,22961,22963,24463,16885,,盤後,,after
2024/12/18,TX,202412,22937.0,23200.0,22902.0,23105.0,75,0.33%,44222,0.0,12952.0,23104,23105,24463,16885,,一般,,day
2024/12/19,TX,202501,22747.0,22906.0,22718.0,22849.0,-330,-1.42%,72523,22852.0,72346.0,22849,22853,23996,22039,,一般,,day
2024/12/19,TX,202501,23196.0,23386.0,22602.0,22698.0,-481,-2.08%,63190,,,22690,22698,23996,22039,,盤後,,after
2024/12/20,TX,202501,22767.0,22793.0,22590.0,22635.0,-217,-0.95%,75535,22631.0,71133.0,22633,22635,23996,22039,,一般,,day
2024/12/20,TX,202501,22859.0,22972.0,22793.0,22808.0,-44,-0.19%,52480,,,22805,22808,23996,22039,,盤後,,after
2024/12/23,TX,202501,22904.0,23245.0,22899.0,23242.0,611,2.70%,67589,23233.0,73230.0,23240,23242,23996,22039,,一般,,day
2024/12/23,TX,202501,22677.0,22966.0,22519.0,22893.0,262,1.16%,67657,,,22887,22891,23996,22039,,盤後,,after
2024/12/24,TX,202501,23430.0,23459.0,23187.0,23216.0,-17,-0.07%,47581,23201.0,72189.0,23213,23215,23996,22039,,一般,,day
2024/12/24,TX,202501,23249.0,23445.0,23145.0,23444.0,211,0.91%,49944,,,23440,23444,23996,22039,,盤後,,after
2024/12/25,TX,202501,23232.0,23376.0,23204.0,23352.0,151,0.65%,25579,,,23345,23352,23996,22039,,盤後,,after
2024/12/25,TX,202501,23340.0,23349.0,23240.0,23329.0,128,0.55%,32836,23326.0,72934.0,23327,23330,23996,22039,,一般,,day
2024/12/26,TX,202501,23336.0,23421.0,23274.0,23327.0,1,0.00%,10266,,,23317,23328,23996,22039,,盤後,,after
2024/12/26,TX,202501,23358.0,23380.0,23285.0,23326.0,0,0.00%,27231,23326.0,74328.0,23326,23329,23996,22039,,一般,,day
2024/12/27,TX,202501,23306.0,23357.0,23203.0,23255.0,-71,-0.30%,30690,,,23255,23258,23996,22039,,盤後,,after
2024/12/27,TX,202501,23194.0,23378.0,23148.0,23372.0,46,0.20%,43009,23372.0,73146.0,23372,23377,23996,22039,,一般,,day
2024/12/30,TX,202501,23202.0,23324.0,23154.0,23177.0,-195,-0.83%,37022,23171.0,73059.0,23174,23177,23996,22039,,一般,,day
2024/12/30,TX,202501,23382.0,23391.0,23089.0,23214.0,-158,-0.68%,47822,,,23205,23210,23996,22039,,盤後,,after
2024/12/31,TX,202501,22998.0,23110.0,22955.0,23041.0,-130,-0.56%,48455,23044.0,72625.0,23041,23046,23996,22039,,一般,,day
2024/12/31,TX,202501,23150.0,23195.0,22920.0,23046.0,-125,-0.54%,46961,,,23033,23044,23996,22039,,盤後,,after
2025/01/02,TX,202501,23023.0,23168.0,22931.0,22986.0,-58,-0.25%,37987,,,22986,22987,23996,22039,,盤後,,after
2025/01/02,TX,202501,22935.0,22995.0,22689.0,22842.0,-202,-0.88%,78968,22843.0,73861.0,22842,22847,23996,22039,,一般,,day
2025/01/03,TX,202501,22853.0,22997.0,22731.0,22847.0,4,0.02%,56505,,,22847,22851,23996,22039,,盤後,,after
2025/01/03,TX,202501,22935.0,23108.0,22905.0,22977.0,134,0.59%,62488,22977.0,71366.0,22976,22980,23996,22039,,一般,,day
2025/01/06,TX,202501,22977.0,23245.0,22940.0,23226.0,249,1.08%,41262,,,23224,23226,23996,22039,,盤後,,after
2025/01/06,TX,202501,23222.0,23620.0,23218.0,23609.0,632,2.75%,71554,23606.0,73696.0,23605,23613,23996,22039,,一般,,day
2025/01/07,TX,202501,23636.0,23956.0,23618.0,23874.0,268,1.14%,52316,,,23870,23872,23996,22039,,盤後,,after
2025/01/07,TX,202501,23965.0,23990.0,23723.0,23752.0,146,0.62%,60282,23742.0,72125.0,23751,23759,23996,22039,,一般,,day
2025/01/08,TX,202501,23549.0,23649.0,23439.0,23450.0,-292,-1.23%,57685,23449.0,75245.0,23453,23455,23996,22039,,一般,,day
2025/01/08,TX,202501,23758.0,23895.0,23476.0,23477.0,-265,-1.12%,56158,,,23478,23485,23996,22039,,盤後,,after
2025/01/09,TX,202501,23258.0,23410.0,23083.0,23105.0,-344,-1.47%,61445,23099.0,74063.0,23098,23106,23996,22039,,一般,,day
2025/01/09,TX,202501,23400.0,23487.0,23252.0,23338.0,-111,-0.47%,57168,,,23344,23348,23996,22039,,盤後,,after
2025/01/10,TX,202501,23085.0,23196.0,23006.0,23155.0,56,0.24%,24909,,,23154,23156,23996,22039,,盤後,,after
2025/01/10,TX,202501,23083.0,23141.0,22955.0,23049.0,-50,-0.22%,66921,23058.0,68891.0,23046,23050,23996,22039,,一般,,day
2025/01/13,TX,202501,23026.0,23176.0,22799.0,22928.0,-130,-0.56%,68009,,,22926,22930,23996,22039,,盤後,,after
2025/01/13,TX,202501,22960.0,23008.0,22431.0,22535.0,-523,-2.27%,125404,22540.0,46700.0,22531,22535,23996,22039,,一般,,day
2025/01/14,TX,202501,22543.0,22597.0,22315.0,22477.0,-63,-0.28%,50666,,,22477,22485,23996,22039,,盤後,,after
2025/01/14,TX,202501,22594.0,22767.0,22530.0,22750.0,210,0.93%,76895,22754.0,21057.0,22747,22750,23996,22039,,一般,,day
2025/01/15,TX,202501,22740.0,22822.0,22542.0,22689.0,-65,-0.29%,45459,,,22680,22686,23996,22039,,盤後,,after
2025/01/15,TX,202502,22814.0,22821.0,22512.0,22512.0,-312,-1.37%,40448,22515.0,69986.0,22512,22515,24042,22084,,一般,,day
2025/01/16,TX,202502,22530.0,23007.0,22511.0,22973.0,458,2.03%,52613,,,22973,22979,24042,22084,,盤後,,after
2025/01/16,TX,202502,23080.0,23217.0,22990.0,23031.0,516,2.29%,72531,23035.0,73986.0,23030,23033,24042,22084,,一般,,day
2025/01/17,TX,202502,23277.0,23318.0,22956.0,23190.0,155,0.67%,65291,23188.0,68511.0,23190,23192,24042,22084,,一般,,day
2025/01/17,TX,202502,23319.0,23529.0,23221.0,23283.0,248,1.08%,77970,,,23277,23283,24042,22084,,盤後,,after
2025/01/20,TX,202502,23224.0,23380.0,23191.0,23245.0,57,0.25%,41909,,,23245,23250,24042,22084,,盤後,,after
2025/01/20,TX,202502,23249.0,23417.0,23222.0,23346.0,158,0.68%,44940,23343.0,69976.0,23345,23348,24042,22084,,一般,,day
2025/01/21,TX,202502,23338.0,23438.0,23171.0,23332.0,-11,-0.05%,37589,,,23330,23351,24042,22084,,盤後,,after
2025/01/21,TX,202502,23426.0,23432.0,23203.0,23365.0,22,0.09%,54466,23361.0,69026.0,23363,23365,24042,22084,,一般,,day
2025/01/22,TX,202502,23354.0,23630.0,23326.0,23574.0,213,0.91%,42343,,,23569,23575,24042,22084,,盤後,,after
2025/01/22,TX,202502,23600.0,23719.0,23573.0,23698.0,337,1.44%,53241,23689.0,70561.0,23698,23700,24042,22084,,一般,,day
2025/02/03,TX,202502,22680.0,22817.0,22539.0,22598.0,-1091,-4.61%,84296,22596.0,71520.0,22598,22599,24042,22084,,一般,,day
2025/02/03,TX,202502,23663.0,23841.0,23655.0,23802.0,113,0.48%,28582,,,23790,23802,24042,22084,,盤後,,after
2025/02/04,TX,202502,22612.0,22935.0,22590.0,22795.0,199,0.88%,45550,,,22792,22796,24042,22084,,盤後,,after
2025/02/04,TX,202502,22919.0,22945.0,22708.0,22822.0,226,1.00%,58313,22825.0,70096.0,22822,22824,24042,22084,,一般,,day
2025/02/05,TX,202502,22839.0,23099.0,22838.0,23082.0,257,1.13%,33756,,,23071,23083,24042,22084,,盤後,,after
2025/02/05,TX,202502,23077.0,23284.0,23063.0,23133.0,308,1.35%,58490,23137.0,71331.0,23131,23133,24042,22084,,一般,,day
2025/02/06,TX,202502,23355.0,23379.0,23234.0,23290.0,153,0.66%,39302,23295.0,71292.0,23290,23291,24042,22084,,一般,,day
2025/02/06,TX,202502,23130.0,23360.0,23050.0,23318.0,181,0.78%,33996,,,23313,23318,24042,22084,,盤後,,after
2025/02/07,TX,202502,23290.0,23354.0,23242.0,23333.0,38,0.16%,26180,,,23334,23339,24042,22084,,盤後,,after
2025/02/07,TX,202502,23285.0,23465.0,23278.0,23431.0,136,0.58%,38176,23428.0,72754.0,23428,23432,24042,22084,,一般,,day
2025/02/10,TX,202502,23431.0,23528.0,23209.0,23246.0,-182,-0.78%,51325,,,23238,23239,24042,22084,,盤後,,after
2025/02/10,TX,202502,23324.0,23366.0,23167.0,23246.0,-182,-0.78%,53285,23236.0,70257.0,23242,23247,24042,22084,,一般,,day
2025/02/11,TX,202502,23249.0,23433.0,23240.0,23402.0,166,0.71%,27279,,,23408,23412,24042,22084,,盤後,,after
2025/02/11,TX,202502,23391.0,23503.0,23302.0,23335.0,99,0.43%,48345,23334.0,70316.0,23334,23337,24042,22084,,一般,,day
2025/02/12,TX,202502,23429.0,23536.0,23292.0,23315.0,-19,-0.08%,50117,23311.0,71120.0,23312,23314,24042,22084,,一般,,day
2025/02/12,TX,202502,23333.0,23450.0,23213.0,23408.0,74,0.32%,34405,,,23405,23409,24042,22084,,盤後,,after
2025/02/13,TX,202502,23435.0,23460.0,23250.0,23399.0,88,0.38%,46850,23401.0,70651.0,23399,23402,24042,22084,,一般,,day
2025/02/13,TX,202502,23332.0,23436.0,23150.0,23379.0,68,0.29%,49382,,,23376,23380,24042,22084,,盤後,,after
2025/02/14,TX,202502,23395.0,23399.0,23228.0,23370.0,-31,-0.13%,42069,,,23370,23375,24042,22084,,盤後,,after
2025/02/14,TX,202502,23338.0,23349.0,23116.0,23179.0,-222,-0.95%,62395,23180.0,68771.0,23179,23181,24042,22084,,一般,,day
2025/02/17,TX,202502,23169.0,23348.0,23064.0,23309.0,129,0.56%,40964,,,23307,23310,24042,22084,,盤後,,after
2025/02/17,TX,202502,23286.0,23540.0,23283.0,23504.0,324,1.40%,81615,23506.0,41481.0,23501,23504,24042,22084,,一般,,day
2025/02/18,TX,202502,23542.0,23555.0,23463.0,23519.0,13,0.06%,13880,,,23515,23520,24042,22084,,盤後,,after
2025/02/18,TX,202502,23570.0,23663.0,23466.0,23649.0,143,0.61%,58109,23645.0,24299.0,23648,23650,24042,22084,,一般,,day
2025/02/19,TX,202503,23582.0,23695.0,23568.0,23609.0,-43,-0.18%,32947,23610.0,67747.0,23606,23610,24435,18886,,一般,,day
2025/02/19,TX,202502,23672.0,23702.0,23514.0,23581.0,-64,-0.27%,31114,,,23578,23585,24042,22084,,盤後,,after
2025/02/20,TX,202503,23635.0,23680.0,23520.0,23566.0,-44,-0.19%,25862,,,23569,23571,24435,18886,,盤後,,after
2025/02/20,TX,202503,23505.0,23564.0,23371.0,23538.0,-72,-0.30%,58443,23536.0,70449.0,23536,23538,24435,18886,,一般,,day
2025/02/21,TX,202503,23533.0,23761.0,23474.0,23745.0,209,0.89%,54437,23743.0,73602.0,23745,23747,24435,18886,,一般,,day
2025/02/21,TX,202503,23545.0,23643.0,23466.0,23542.0,6,0.03%,36278,,,23542,23543,24435,18886,,盤後,,after
2025/02/24,TX,202503,23766.0,23782.0,23420.0,23488.0,-255,-1.07%,41285,,,23480,23488,24435,18886,,盤後,,after
2025/02/24,TX,202503,23549.0,23564.0,23444.0,23558.0,-185,-0.78%,48887,23556.0,71659.0,23556,23558,24435,18886,,一般,,day
2025/02/25,TX,202503,23545.0,23593.0,23263.0,23269.0,-287,-1.22%,46618,,,23271,23280,24435,18886,,盤後,,after
2025/02/25,TX,202503,23231.0,23345.0,23138.0,23299.0,-257,-1.09%,60003,23295.0,72911.0,23296,23299,24435,18886,,一般,,day
2025/02/26,TX,202503,23255.0,23346.0,23048.0,23127.0,-168,-0.72%,58333,,,23127,23128,24435,18886,,盤後,,after
2025/02/26,TX,202503,23150.0,23421.0,23104.0,23421.0,126,0.54%,59018,23417.0,73697.0,23419,23420,24435,18886,,一般,,day
2025/02/27,TX,202503,23374.0,23434.0,23127.0,23196.0,-221,-0.94%,68861,23189.0,72728.0,23189,23196,24435,18886,,一般,,day
2025/02/27,TX,202503,23433.0,23590.0,23310.0,23416.0,-1,0.00%,50095,,,23413,23418,24435,18886,,盤後,,after
2025/03/03,TX,202503,22650.0,22797.0,22611.0,22718.0,-471,-2.03%,78247,22724.0,78397.0,22720,22723,24435,18886,,一般,,day
2025/03/03,TX,202503,23205.0,23310.0,22600.0,22610.0,-579,-2.50%,66493,,,22610,22622,24435,18886,,盤後,,after
2025/03/04,TX,202503,22242.0,22668.0,22194.0,22588.0,-136,-0.60%,84542,22588.0,75369.0,22577,22585,24435,18886,,一般,,day
2025/03/04,TX,202503,22733.0,22758.0,22110.0,22193.0,-531,-2.34%,81778,,,22192,22200,24435,18886,,盤後,,after
2025/03/05,TX,202503,22597.0,22829.0,22333.0,22552.0,-36,-0.16%,89307,,,22549,22552,24435,18886,,盤後,,after
2025/03/05,TX,202503,22659.0,22927.0,22637.0,22888.0,300,1.33%,67984,22892.0,75373.0,22889,22890,24435,18886,,一般,,day
2025/03/06,TX,202503,22902.0,23032.0,22718.0,23003.0,111,0.48%,70222,,,22998,23005,24435,18886,,盤後,,after
2025/03/06,TX,202503,22991.0,23017.0,22704.0,22763.0,-129,-0.56%,56232,22762.0,73607.0,22761,22764,24435,18886,,一般,,day
2025/03/07,TX,202503,22499.0,22685.0,22480.0,22520.0,-242,-1.06%,54464,22523.0,73308.0,22520,22522,24435,18886,,一般,,day
2025/03/07,TX,202503,22756.0,22809.0,22408.0,22419.0,-343,-1.51%,71921,,,22417,22419,24435,18886,,盤後,,after
2025/03/10,TX,202503,22456.0,22547.0,22315.0,22446.0,-77,-0.34%,65258,22446.0,74605.0,22444,22448,24435,18886,,一般,,day
2025/03/10,TX,202503,22468.0,22630.0,22241.0,22566.0,43,0.19%,84112,,,22566,22579,24435,18886,,盤後,,after
2025/03/11,TX,202503,21868.0,22085.0,21661.0,22031.0,-415,-1.85%,87716,22027.0,74438.0,22026,22031,24435,18886,,一般,,day
2025/03/11,TX,202503,22440.0,22485.0,21770.0,22020.0,-426,-1.90%,75779,,,22017,22020,24435,18886,,盤後,,after
2025/03/12,TX,202503,22101.0,22345.0,22044.0,22232.0,205,0.93%,67700,22234.0,74512.0,22231,22239,24435,18886,,一般,,day
2025/03/12,TX,202503,22046.0,22161.0,21836.0,22018.0,-9,-0.04%,79011,,,22017,22020,24435,18886,,盤後,,after
2025/03/13,TX,202503,22190.0,22468.0,22166.0,22386.0,152,0.68%,65467,,,22387,22388,24435,18886,,盤後,,after
2025/03/13,TX,202503,22445.0,22475.0,21917.0,21920.0,-314,-1.41%,76396,21923.0,75560.0,21920,21923,24435,18886,,一般,,day
2025/03/14,TX,202503,21924.0,22072.0,21856.0,22002.0,79,0.36%,64096,,,21998,22002,24435,18886,,盤後,,after
2025/03/14,TX,202503,22120.0,22131.0,21874.0,21961.0,38,0.17%,73591,21962.0,73816.0,21960,21961,24435,18886,,一般,,day
2025/03/17,TX,202503,21960.0,22215.0,21925.0,22200.0,238,1.08%,42843,,,22199,22200,24435,18886,,盤後,,after
2025/03/17,TX,202503,22161.0,22312.0,22111.0,22158.0,196,0.89%,91180,22155.0,47768.0,22157,22161,24435,18886,,一般,,day
2025/03/18,TX,202503,22373.0,22385.0,22191.0,22230.0,75,0.34%,73960,22227.0,25606.0,22228,22237,24435,18886,,一般,,day
2025/03/18,TX,202503,22135.0,22439.0,22100.0,22385.0,230,1.04%,43494,,,22382,22386,24435,18886,,盤後,,after
2025/03/19,TX,202504,22244.0,22262.0,21977.0,22034.0,-215,-0.97%,45036,22018.0,72749.0,22029,22034,23867,21671,,一般,,day
2025/03/19,TX,202503,22270.0,22335.0,22094.0,22147.0,-80,-0.36%,41948,,,22145,22161,24435,18886,,盤後,,after
2025/03/20,TX,202504,22019.0,22280.0,21968.0,22170.0,152,0.69%,46665,,,22168,22171,23867,21671,,盤後,,after
2025/03/20,TX,202504,22236.0,22417.0,22202.0,22365.0,347,1.58%,62082,22365.0,75891.0,22364,22365,23867,21671,,一般,,day
2025/03/21,TX,202504,22365.0,22381.0,22168.0,22300.0,-65,-0.29%,56234,,,22300,22304,23867,21671,,盤後,,after
2025/03/21,TX,202504,22323.0,22377.0,22173.0,22177.0,-188,-0.84%,59593,22181.0,74124.0,22177,22178,23867,21671,,一般,,day
2025/03/24,TX,202504,22185.0,22212.0,22017.0,22201.0,20,0.09%,49387,,,22197,22201,23867,21671,,盤後,,after
2025/03/24,TX,202504,22302.0,22399.0,22124.0,22160.0,-21,-0.09%,53681,22151.0,73844.0,22156,22159,23867,21671,,一般,,day
2025/03/25,TX,202504,22179.0,22370.0,22162.0,22335.0,184,0.83%,35730,,,22335,22337,23867,21671,,盤後,,after
2025/03/25,TX,202504,22330.0,22443.0,22202.0,22298.0,147,0.66%,64095,22301.0,72654.0,22298,22305,23867,21671,,一般,,day
2025/03/26,TX,202504,22409.0,22429.0,22250.0,22305.0,4,0.02%,53992,22304.0,73536.0,22302,22306,23867,21671,,一般,,day
2025/03/26,TX,202504,22310.0,22397.0,22298.0,22369.0,68,0.30%,32439,,,22362,22369,23867,21671,,盤後,,after
2025/03/27,TX,202504,22031.0,22052.0,21891.0,21968.0,-336,-1.51%,60620,21971.0,77260.0,21967,21970,23867,21671,,一般,,day
2025/03/27,TX,202504,22305.0,22315.0,21970.0,22045.0,-259,-1.16%,50049,,,22045,22051,23867,21671,,盤後,,after
2025/03/28,TX,202504,21955.0,21985.0,21784.0,21827.0,-144,-0.66%,59482,,,21827,21828,23867,21671,,盤後,,after
2025/03/28,TX,202504,21750.0,21795.0,21485.0,21603.0,-368,-1.67%,79673,21599.0,78618.0,21600,21603,23867,21485,,一般,,day
2025/03/31,TX,202504,21576.0,21645.0,21131.0,21141.0,-458,-2.12%,72895,,,21140,21143,23867,21131,,盤後,,after
2025/03/31,TX,202504,20856.0,21065.0,20724.0,20769.0,-830,-3.84%,103146,20764.0,77322.0,20770,20779,23867,20724,,一般,,day
2025/04/01,TX,202504,20805.0,21133.0,20689.0,21088.0,324,1.56%,72112,,,21084,21089,23867,20689,,盤後,,after
2025/04/01,TX,202504,21000.0,21271.0,20888.0,21181.0,417,2.01%,81447,21187.0,75350.0,21177,21183,23867,20689,,一般,,day
2025/04/02,TX,202504,21237.0,21388.0,21061.0,21334.0,147,0.69%,72967,,,21328,21337,23867,20689,,盤後,,after
2025/04/02,TX,202504,21273.0,21360.0,21188.0,21304.0,117,0.55%,66423,21296.0,73424.0,21301,21304,23867,20689,,一般,,day
2025/04/07,TX,202504,21300.0,21668.0,20808.0,20859.0,-437,-2.05%,91512,,,20843,20860,23867,20689,,盤後,,after
2025/04/07,TX,202504,19167.0,19167.0,19167.0,19167.0,-2129,-10.00%,2736,19167.0,72153.0,-,19167,23867,19167,,一般,,day
2025/04/08,TX,202504,18596.0,18754.0,18004.0,18190.0,-977,-5.10%,152423,18169.0,74145.0,18190,18196,23867,17566,,一般,,day
2025/04/08,TX,202504,17768.0,19299.0,17566.0,18406.0,-761,-3.97%,201617,,,18375,18407,23867,17566,,盤後,,after
2025/04/09,TX,202504,18245.0,18845.0,17726.0,18050.0,-119,-0.65%,160852,,,18040,18050,23867,17566,,盤後,,after
2025/04/09,TX,202504,17846.0,18286.0,17139.0,17204.0,-965,-5.31%,176779,17184.0,75040.0,17203,17204,23867,17139,,一般,,day
2025/04/10,TX,202504,17336.0,18902.0,17015.0,18902.0,1718,10.00%,174279,,,18902,-,23867,17015,,盤後,,after
2025/04/10,TX,202504,18902.0,18902.0,18902.0,18902.0,1718,10.00%,2382,18902.0,73614.0,18902,-,23867,17015,,一般,,day
2025/04/11,TX,202504,19682.0,19744.0,18384.0,18838.0,-64,-0.34%,164261,,,18837,18842,23867,17015,,盤後,,after
2025/04/11,TX,202504,18560.0,19566.0,18441.0,19524.0,622,3.29%,132834,19543.0,68917.0,19522,19526,23867,17015,,一般,,day
2025/04/14,TX,202504,19800.0,19982.0,19450.0,19491.0,-52,-0.27%,129898,19497.0,42611.0,19493,19498,23867,17015,,一般,,day
2025/04/14,TX,202504,19539.0,19588.0,19179.0,19527.0,-16,-0.08%,105876,,,19527,19538,23867,17015,,盤後,,after
2025/04/15,TX,202504,19543.0,19634.0,19348.0,19504.0,7,0.04%,63425,,,19501,19505,23867,17015,,盤後,,after
2025/04/15,TX,202504,19585.0,19833.0,19517.0,19798.0,301,1.54%,83145,19794.0,23627.0,19797,19800,23867,17015,,一般,,day
2025/04/16,TX,202505,19539.0,19622.0,19304.0,19353.0,-425,-2.15%,52635,19349.0,72455.0,19353,19354,23821,17011,,一般,,day
2025/04/16,TX,202504,19810.0,19911.0,19726.0,19818.0,24,0.12%,46864,,,19811,19819,23867,17015,,盤後,,after
2025/04/17,TX,202505,19369.0,19448.0,19001.0,19148.0,-201,-1.04%,78147,,,19148,19154,23821,17011,,盤後,,after
2025/04/17,TX,202505,19243.0,19406.0,19112.0,19369.0,20,0.10%,79033,19367.0,75353.0,19363,19370,23821,17011,,一般,,day
2025/04/18,TX,202505,19523.0,19583.0,19254.0,19365.0,-2,-0.01%,78532,,,19361,19365,23821,17011,,盤後,,after
2025/04/18,TX,202505,19380.0,19432.0,19288.0,19330.0,-37,-0.19%,43062,19334.0,75346.0,19329,19336,23821,17011,,一般,,day
2025/04/21,TX,202505,19351.0,19400.0,19313.0,19368.0,34,0.18%,6679,,,19368,19369,23821,17011,,盤後,,after
2025/04/21,TX,202505,19347.0,19368.0,19027.0,19099.0,-235,-1.22%,60135,19099.0,77958.0,19099,19105,23821,17011,,一般,,day
2025/04/22,TX,202505,18945.0,19035.0,18773.0,18797.0,-302,-1.58%,69898,18803.0,77935.0,18797,18803,23821,17011,,一般,,day
2025/04/22,TX,202505,19094.0,19141.0,18752.0,18870.0,-229,-1.20%,49645,,,18869,18870,23821,17011,,盤後,,after
2025/04/23,TX,202505,18888.0,19162.0,18810.0,19056.0,253,1.35%,58608,,,19054,19063,23821,17011,,盤後,,after
2025/04/23,TX,202505,19250.0,19596.0,19171.0,19554.0,751,3.99%,76954,19558.0,80243.0,19554,19555,23821,17011,,一般,,day
2025/04/24,TX,202505,19566.0,19776.0,19511.0,19648.0,90,0.46%,75577,,,19643,19648,23821,17011,,盤後,,after
2025/04/24,TX,202505,19636.0,19682.0,19413.0,19466.0,-92,-0.47%,58194,19460.0,76921.0,19460,19466,23821,17011,,一般,,day
2025/04/25,TX,202505,19980.0,20008.0,19848.0,19873.0,413,2.12%,66662,19873.0,76739.0,19872,19876,23821,17011,,一般,,day
2025/04/25,TX,202505,19446.0,19961.0,19354.0,19945.0,485,2.49%,65347,,,19944,19946,23821,17011,,盤後,,after
2025/04/28,TX,202505,19889.0,20077.0,19751.0,20052.0,179,0.90%,63385,,,20043,20052,23821,17011,,盤後,,after
2025/04/28,TX,202505,19965.0,20053.0,19933.0,19965.0,92,0.46%,44357,19965.0,75569.0,19962,19965,23821,17011,,一般,,day
2025/04/29,TX,202505,20000.0,20065.0,19824.0,19970.0,5,0.03%,45463,,,19966,19974,23821,17011,,盤後,,after
2025/04/29,TX,202505,19980.0,20207.0,19963.0,20154.0,189,0.95%,57788,20155.0,77121.0,20153,20155,23821,17011,,一般,,day
2025/04/30,TX,202505,20166.0,20230.0,20062.0,20154.0,-1,0.00%,43475,,,20154,20158,23821,17011,,盤後,,after
2025/04/30,TX,202505,20091.0,20268.0,20065.0,20149.0,-6,-0.03%,58130,20154.0,75177.0,20147,20153,23821,17011,,一般,,day
2025/05/02,TX,202505,20488.0,20710.0,20469.0,20677.0,523,2.60%,61777,20682.0,78333.0,20677,20678,23821,17011,,一般,,day
2025/05/02,TX,202505,20183.0,20438.0,19921.0,20430.0,276,1.37%,71430,,,20430,20432,23821,17011,,盤後,,after
2025/05/05,TX,202505,20757.0,20796.0,20206.0,20404.0,-278,-1.34%,97067,20423.0,78398.0,20402,20409,23821,17011,,一般,,day
2025/05/05,TX,202505,20652.0,20900.0,20624.0,20840.0,158,0.76%,52582,,,20831,20842,23821,17011,,盤後,,after
2025/05/06,TX,202505,20150.0,20483.0,20150.0,20337.0,-86,-0.42%,69754,20345.0,82061.0,20337,20342,23821,17011,,一般,,day
2025/05/06,TX,202505,20424.0,20440.0,20139.0,20198.0,-225,-1.10%,51234,,,20197,20204,23821,17011,,盤後,,after
2025/05/07,TX,202505,20440.0,20560.0,20265.0,20381.0,36,0.18%,73631,20377.0,83188.0,20375,20381,23821,17011,,一般,,day
2025/05/07,TX,202505,20333.0,20435.0,20158.0,20247.0,-98,-0.48%,56440,,,20247,20251,23821,17011,,盤後,,after
2025/05/08,TX,202505,20388.0,20615.0,20250.0,20512.0,135,0.66%,62834,,,20510,20512,23821,17011,,盤後,,after
2025/05/08,TX,202505,20475.0,20695.0,20452.0,20575.0,198,0.97%,63264,20578.0,85049.0,20575,20580,23821,17011,,一般,,day
2025/05/09,TX,202505,20649.0,20872.0,20596.0,20848.0,270,1.31%,67856,20845.0,87495.0,20844,20847,23821,17011,,一般,,day
2025/05/09,TX,202505,20561.0,20822.0,20504.0,20680.0,102,0.50%,56186,,,20676,20681,23821,17011,,盤後,,after
2025/05/12,TX,202505,21015.0,21134.0,20978.0,21066.0,221,1.06%,58691,21073.0,89150.0,21065,21070,23821,17011,,一般,,day
2025/05/12,TX,202505,20852.0,20883.0,20728.0,20794.0,-51,-0.24%,39918,,,20791,20796,23821,17011,,盤後,,after
2025/05/13,TX,202505,21421.0,21520.0,21288.0,21360.0,287,1.36%,61021,21355.0,88220.0,21358,21360,23821,17011,,一般,,day
2025/05/13,TX,202505,21068.0,21505.0,21068.0,21485.0,412,1.96%,62018,,,21484,21492,23821,17011,,盤後,,after
2025/05/14,TX,202505,21677.0,21787.0,21579.0,21768.0,413,1.93%,59116,21772.0,89341.0,21768,21770,23821,17011,,一般,,day
2025/05/14,TX,202505,21358.0,21723.0,21314.0,21677.0,322,1.51%,51630,,,21670,21679,23821,17011,,盤後,,after
2025/05/15,TX,202505,21776.0,21810.0,21676.0,21694.0,-78,-0.36%,45704,21695.0,87724.0,21692,21697,23821,17011,,一般,,day
2025/05/15,TX,202505,21802.0,21889.0,21737.0,21818.0,46,0.21%,45510,,,21816,21819,23821,17011,,盤後,,after
2025/05/16,TX,202505,21698.0,21815.0,21629.0,21775.0,80,0.37%,39315,,,21775,21776,23821,17011,,盤後,,after
2025/05/16,TX,202505,21775.0,21878.0,21679.0,21821.0,126,0.58%,55404,21823.0,81711.0,21820,21823,23821,17011,,一般,,day
2025/05/19,TX,202505,21682.0,21748.0,21499.0,21538.0,-285,-1.31%,98203,21538.0,47853.0,21538,21541,23821,17011,,一般,,day
2025/05/19,TX,202505,21821.0,21930.0,21758.0,21828.0,5,0.02%,35258,,,21826,21833,23821,17011,,盤後,,after
2025/05/20,TX,202505,21518.0,21773.0,21475.0,21750.0,212,0.98%,35514,,,21749,21753,23821,17011,,盤後,,after
2025/05/20,TX,202505,21753.0,21772.0,21505.0,21539.0,1,0.00%,81214,21543.0,25454.0,21538,21539,23821,17011,,一般,,day
2025/05/21,TX,202505,21535.0,21615.0,21494.0,21575.0,32,0.15%,23915,,,21569,21577,23821,17011,,盤後,,after
2025/05/21,TX,202506,21472.0,21747.0,21472.0,21672.0,213,0.99%,44969,21683.0,91948.0,21672,21674,24547,17000,,一般,,day
2025/05/22,TX,202506,21465.0,21550.0,21396.0,21503.0,-180,-0.83%,48283,21499.0,94839.0,21501,21503,24547,17000,,一般,,day
2025/05/22,TX,202506,21670.0,21725.0,21390.0,21478.0,-205,-0.95%,47319,,,21467,21480,24547,17000,,盤後,,after
2025/05/23,TX,202506,21558.0,21640.0,21372.0,21470.0,-29,-0.13%,51667,21466.0,94058.0,21465,21469,24547,17000,,一般,,day
2025/05/23,TX,202506,21508.0,21588.0,21333.0,21531.0,32,0.15%,44296,,,21526,21531,24547,17000,,盤後,,after
2025/05/26,TX,202506,21449.0,21526.0,21072.0,21250.0,-216,-1.01%,65610,,,21250,21251,24547,17000,,盤後,,after
2025/05/26,TX,202506,21450.0,21569.0,21357.0,21385.0,-81,-0.38%,56961,21381.0,96104.0,21379,21385,24547,17000,,一般,,day
2025/05/27,TX,202506,21410.0,21435.0,21333.0,21399.0,18,0.08%,14162,,,21390,21400,24547,17000,,盤後,,after
2025/05/27,TX,202506,21403.0,21438.0,21133.0,21233.0,-148,-0.69%,61109,21221.0,98345.0,21230,21234,24547,17000,,一般,,day
2025/05/28,TX,202506,21420.0,21512.0,21150.0,21252.0,31,0.15%,69146,21250.0,98298.0,21250,21254,24547,17000,,一般,,day
2025/05/28,TX,202506,21227.0,21417.0,21218.0,21404.0,183,0.86%,35176,,,21401,21404,24547,17000,,盤後,,after
2025/05/29,TX,202506,21513.0,21616.0,21275.0,21320.0,70,0.33%,76415,21317.0,98813.0,21319,21322,24547,17000,,一般,,day
2025/05/29,TX,202506,21254.0,21316.0,21192.0,21315.0,65,0.31%,31412,,,21310,21316,24547,17000,,盤後,,after
2025/06/02,TX,202506,20976.0,21049.0,20790.0,20866.0,-451,-2.12%,66441,20870.0,99450.0,20865,20871,24547,17000,,一般,,day
2025/06/02,TX,202506,21281.0,21285.0,20934.0,21060.0,-257,-1.21%,56079,,,21059,21074,24547,17000,,盤後,,after
2025/06/03,TX,202506,21034.0,21221.0,20955.0,20971.0,101,0.48%,64909,20974.0,94985.0,20971,20975,24547,17000,,一般,,day
2025/06/03,TX,202506,20881.0,21102.0,20830.0,21082.0,212,1.02%,37198,,,21074,21083,24547,17000,,盤後,,after
2025/06/04,TX,202506,21026.0,21254.0,20975.0,21217.0,243,1.16%,35014,,,21211,21217,24547,17000,,盤後,,after
2025/06/04,TX,202506,21280.0,21533.0,21261.0,21482.0,508,2.42%,61616,21479.0,96663.0,21480,21482,24547,17000,,一般,,day
2025/06/05,TX,202506,21589.0,21677.0,21512.0,21553.0,74,0.34%,46482,21554.0,95433.0,21552,21558,24547,17000,,一般,,day
2025/06/05,TX,202506,21496.0,21597.0,21453.0,21548.0,69,0.32%,32913,,,21547,21553,24547,17000,,盤後,,after
2025/06/06,TX,202506,21554.0,21752.0,21502.0,21530.0,-24,-0.11%,55509,,,21523,21531,24547,17000,,盤後,,after
2025/06/06,TX,202506,21599.0,21630.0,21513.0,21578.0,24,0.11%,37655,21566.0,93993.0,21571,21579,24547,17000,,一般,,day
2025/06/09,TX,202506,21663.0,21788.0,21626.0,21727.0,161,0.75%,43471,21719.0,93256.0,21725,21728,24547,17000,,一般,,day
2025/06/09,TX,202506,21577.0,21712.0,21534.0,21660.0,94,0.44%,29760,,,21653,21660,24547,17000,,盤後,,after
2025/06/10,TX,202506,21750.0,21880.0,21721.0,21846.0,127,0.58%,25973,,,21842,21847,24547,17000,,盤後,,after
2025/06/10,TX,202506,21879.0,22236.0,21850.0,22113.0,394,1.81%,70320,22116.0,95418.0,22113,22119,24547,17000,,一般,,day
2025/06/11,TX,202506,22129.0,22312.0,22096.0,22312.0,196,0.89%,36796,,,22310,22312,24547,17000,,盤後,,after
2025/06/11,TX,202506,22296.0,22355.0,22190.0,22351.0,235,1.06%,53385,22344.0,92578.0,22347,22351,24547,17000,,一般,,day
2025/06/12,TX,202506,22315.0,22329.0,22214.0,22252.0,-92,-0.41%,43973,22253.0,89914.0,22251,22255,24547,17000,,一般,,day
2025/06/12,TX,202506,22363.0,22493.0,22311.0,22353.0,9,0.04%,41912,,,22349,22354,24547,17000,,盤後,,after
2025/06/13,TX,202506,22236.0,22350.0,22135.0,22309.0,56,0.25%,36808,,,22308,22310,24547,17000,,盤後,,after
2025/06/13,TX,202506,21954.0,22139.0,21893.0,21940.0,-313,-1.41%,87803,21940.0,82391.0,21934,21938,24547,17000,,一般,,day
2025/06/16,TX,202506,22030.0,22061.0,21868.0,22032.0,92,0.42%,95307,22032.0,43164.0,22032,22035,24547,17000,,一般,,day
2025/06/16,TX,202506,21960.0,22146.0,21948.0,21991.0,51,0.23%,42610,,,21987,22001,24547,17000,,盤後,,after
2025/06/17,TX,202506,22150.0,22260.0,22061.0,22159.0,127,0.58%,88076,22163.0,18209.0,22159,22164,24547,17000,,一般,,day
2025/06/17,TX,202506,22061.0,22278.0,22036.0,22221.0,189,0.86%,30885,,,22217,22221,24547,17000,,盤後,,after
2025/06/18,TX,202506,22144.0,22189.0,22028.0,22070.0,-93,-0.42%,29346,,,22062,22071,24547,17000,,盤後,,after
2025/06/18,TX,202507,21714.0,21962.0,21694.0,21930.0,139,0.64%,40655,21931.0,94806.0,21926,21931,22214,18558,,一般,,day
2025/06/19,TX,202507,21963.0,21990.0,21741.0,21853.0,-78,-0.36%,45988,,,21851,21860,22214,18558,,盤後,,after
2025/06/19,TX,202507,21820.0,21857.0,21675.0,21704.0,-227,-1.04%,52900,21703.0,94618.0,21704,21706,22214,18558,,一般,,day
2025/06/20,TX,202507,21679.0,21699.0,21466.0,21572.0,-131,-0.60%,27187,,,21568,21573,22214,18558,,盤後,,after
2025/06/20,TX,202507,21635.0,21743.0,21470.0,21653.0,-50,-0.23%,67982,21650.0,94668.0,21649,21652,22214,18558,,一般,,day
2025/06/23,TX,202507,21645.0,21789.0,21408.0,21460.0,-190,-0.88%,62363,,,21454,21462,22214,18558,,盤後,,after
2025/06/23,TX,202507,21350.0,21484.0,21205.0,21473.0,-177,-0.82%,72002,21472.0,95600.0,21473,21474,22214,18558,,一般,,day
2025/06/24,TX,202507,21481.0,21628.0,21350.0,21612.0,140,0.65%,54388,,,21606,21612,22214,18558,,盤後,,after
2025/06/24,TX,202507,21770.0,21966.0,21764.0,21959.0,487,2.27%,69758,21959.0,96864.0,21959,21960,22214,18558,,一般,,day
2025/06/25,TX,202507,22138.0,22168.0,22017.0,22159.0,200,0.91%,49936,22163.0,98944.0,22159,22163,22214,18558,,一般,,day
2025/06/25,TX,202507,22010.0,22160.0,21927.0,22155.0,196,0.89%,37730,,,22150,22155,22214,18558,,盤後,,after
2025/06/26,TX,202507,22161.0,22263.0,22078.0,22117.0,-46,-0.21%,59606,22115.0,103211.0,22112,22117,22263,18558,,一般,,day
2025/06/26,TX,202507,22150.0,22213.0,22106.0,22175.0,12,0.05%,31203,,,22175,22178,22214,18558,,盤後,,after
2025/06/27,TX,202507,22124.0,22188.0,22009.0,22172.0,57,0.26%,38185,,,22166,22172,22263,18558,,盤後,,after
2025/06/27,TX,202507,22197.0,22221.0,21989.0,22121.0,6,0.03%,60785,22122.0,104644.0,22119,22121,22263,18558,,一般,,day
2025/06/30,TX,202507,22086.0,22218.0,22036.0,22132.0,10,0.05%,42296,,,22132,22139,22263,18558,,盤後,,after
2025/06/30,TX,202507,22239.0,22254.0,22083.0,22145.0,23,0.10%,50980,22144.0,105186.0,22143,22145,22263,18558,,一般,,day
2025/07/01,TX,202507,22197.0,22593.0,22191.0,22353.0,209,0.94%,86050,22352.0,107188.0,22350,22353,22593,18558,,一般,,day
2025/07/01,TX,202507,22138.0,22160.0,22013.0,22160.0,16,0.07%,28118,,,22154,22161,22263,18558,,盤後,,after
2025/07/02,TX,202507,22298.0,22401.0,22208.0,22396.0,44,0.20%,47593,22393.0,105700.0,22393,22395,22593,18558,,一般,,day
2025/07/02,TX,202507,22350.0,22409.0,22219.0,22293.0,-59,-0.26%,36231,,,22294,22302,22593,18558,,盤後,,after
2025/07/03,TX,202507,22390.0,22582.0,22281.0,22570.0,177,0.79%,35769,,,22570,22579,22593,18558,,盤後,,after
2025/07/03,TX,202507,22568.0,22716.0,22547.0,22675.0,282,1.26%,53951,22680.0,105475.0,22675,22677,22716,18558,,一般,,day
2025/07/04,TX,202507,22713.0,22874.0,22652.0,22793.0,113,0.50%,31762,,,22791,22794,22874,18558,,盤後,,after
2025/07/04,TX,202507,22739.0,22762.0,22431.0,22435.0,-245,-1.08%,56506,22436.0,103430.0,22435,22438,22874,18558,,一般,,day
2025/07/07,TX,202507,22349.0,22506.0,22244.0,22336.0,-100,-0.45%,61023,22328.0,103756.0,22331,22336,22874,18558,,一般,,day
2025/07/07,TX,202507,22430.0,22435.0,22315.0,22355.0,-81,-0.36%,26711,,,22356,22360,22874,18558,,盤後,,after
2025/07/08,TX,202507,22353.0,22397.0,22141.0,22251.0,-77,-0.34%,63578,22258.0,102521.0,22250,22255,22874,18558,,一般,,day
2025/07/08,TX,202507,22312.0,22427.0,22177.0,22222.0,-106,-0.47%,45003,,,22220,22223,22874,18558,,盤後,,after
2025/07/09,TX,202507,22275.0,22295.0,22188.0,22268.0,10,0.04%,26901,,,22268,22269,22874,18558,,盤後,,after
2025/07/09,TX,202507,22250.0,22473.0,22146.0,22434.0,176,0.79%,57715,22434.0,102304.0,22429,22433,22874,18558,,一般,,day
2025/07/10,TX,202507,22470.0,22647.0,22410.0,22611.0,177,0.79%,58504,22607.0,99658.0,22610,22613,22874,18558,,一般,,day
2025/07/10,TX,202507,22438.0,22568.0,22366.0,22468.0,34,0.15%,37216,,,22467,22471,22874,18558,,盤後,,after
2025/07/11,TX,202507,22519.0,22774.0,22488.0,22764.0,157,0.69%,62637,22767.0,94213.0,22762,22766,22874,18558,,一般,,day
2025/07/11,TX,202507,22617.0,22695.0,22507.0,22583.0,-24,-0.11%,32123,,,22582,22588,22874,18558,,盤後,,after
2025/07/14,TX,202507,22745.0,22752.0,22630.0,22637.0,-130,-0.57%,30173,,,22636,22639,22874,18558,,盤後,,after
2025/07/14,TX,202507,22670.0,22695.0,22520.0,22551.0,-216,-0.95%,90014,22547.0,56475.0,22547,22550,22874,18558,,一般,,day
2025/07/15,TX,202507,22529.0,22882.0,22512.0,22810.0,263,1.17%,102751,22804.0,21948.0,22807,22809,22882,18558,,一般,,day
2025/07/15,TX,202507,22524.0,22612.0,22462.0,22560.0,13,0.06%,29607,,,22560,22563,22874,18558,,盤後,,after
2025/07/16,TX,202508,22704.0,22998.0,22701.0,22920.0,251,1.11%,42855,22917.0,99502.0,22917,22922,22998,20375,,一般,,day
2025/07/16,TX,202507,22829.0,22942.0,22814.0,22866.0,62,0.27%,28974,,,22859,22867,22942,18558,,盤後,,after
2025/07/17,TX,202508,22958.0,23150.0,22866.0,23148.0,231,1.01%,60136,23137.0,101922.0,23147,23148,23150,20375,,一般,,day
2025/07/17,TX,202508,22888.0,22986.0,22810.0,22964.0,47,0.21%,42648,,,22963,22969,22998,20375,,盤後,,after
2025/07/18,TX,202508,23350.0,23399.0,23230.0,23262.0,125,0.54%,51164,23260.0,97291.0,23259,23265,23414,20375,,一般,,day
2025/07/18,TX,202508,23327.0,23414.0,23250.0,23374.0,237,1.02%,44722,,,23370,23377,23414,20375,,盤後,,after
2025/07/21,TX,202508,23234.0,23301.0,23172.0,23228.0,-32,-0.14%,40802,23220.0,94889.0,23222,23228,23414,20375,,一般,,day
2025/07/21,TX,202508,23279.0,23323.0,23177.0,23191.0,-69,-0.30%,27791,,,23190,23194,23414,20375,,盤後,,after
2025/07/22,TX,202508,23241.0,23406.0,22977.0,22990.0,-230,-0.99%,77037,22996.0,95637.0,22990,22994,23414,20375,,一般,,day
2025/07/22,TX,202508,23260.0,23395.0,23234.0,23253.0,33,0.14%,28374,,,23247,23255,23414,20375,,盤後,,after
2025/07/23,TX,202508,23016.0,23047.0,22862.0,22987.0,-9,-0.04%,35298,,,22987,22996,23414,20375,,盤後,,after
2025/07/23,TX,202508,23006.0,23258.0,23000.0,23186.0,190,0.83%,63250,23184.0,96205.0,23183,23185,23414,20375,,一般,,day
2025/07/24,TX,202508,23400.0,23408.0,23229.0,23310.0,126,0.54%,46341,23303.0,95050.0,23308,23311,23414,20375,,一般,,day
2025/07/24,TX,202508,23197.0,23345.0,23153.0,23332.0,148,0.64%,29784,,,23332,23334,23414,20375,,盤後,,after
2025/07/25,TX,202508,23264.0,23328.0,23207.0,23238.0,-65,-0.28%,43044,23237.0,95497.0,23238,23241,23414,20375,,一般,,day
2025/07/25,TX,202508,23303.0,23327.0,23188.0,23260.0,-43,-0.18%,24397,,,23257,23260,23414,20375,,盤後,,after
2025/07/28,TX,202508,23239.0,23368.0,23189.0,23344.0,107,0.46%,30534,,,23344,23345,23414,20375,,盤後,,after
2025/07/28,TX,202508,23368.0,23483.0,23265.0,23392.0,155,0.67%,55104,23385.0,94908.0,23392,23395,23483,20375,,一般,,day
2025/07/29,TX,202508,23326.0,23359.0,23027.0,23163.0,-222,-0.95%,73363,23151.0,91715.0,23164,23172,23483,20375,,一般,,day
2025/07/29,TX,202508,23398.0,23400.0,23246.0,23317.0,-68,-0.29%,26385,,,23316,23323,23483,20375,,盤後,,after
2025/07/30,TX,202508,23200.0,23270.0,23132.0,23193.0,42,0.18%,33296,,,23189,23194,23483,20375,,盤後,,after
2025/07/30,TX,202508,23213.0,23421.0,23198.0,23361.0,210,0.91%,72116,23359.0,91069.0,23361,23370,23483,20375,,一般,,day
2025/07/31,TX,202508,23497.0,23621.0,23355.0,23589.0,230,0.98%,66444,23584.0,91643.0,23593,23602,23621,20375,,一般,,day
2025/07/31,TX,202508,23365.0,23444.0,23222.0,23417.0,58,0.25%,36140,,,23413,23415,23483,20375,,盤後,,after
2025/08/01,TX,202508,23064.0,23442.0,23048.0,23344.0,-240,-1.02%,69641,23345.0,87973.0,23339,23346,23683,20375,,一般,,day
2025/08/01,TX,202508,23595.0,23683.0,23310.0,23344.0,-240,-1.02%,50109,,,23343,23348,23683,20375,,盤後,,after
2025/08/04,TX,202508,23297.0,23323.0,22979.0,23085.0,-260,-1.11%,58950,,,23081,23089,23683,20375,,盤後,,after
2025/08/04,TX,202508,23108.0,23300.0,23032.0,23260.0,-85,-0.36%,55560,23272.0,88001.0,23256,23265,23683,20375,,一般,,day
2025/08/05,TX,202508,23446.0,23584.0,23421.0,23575.0,303,1.30%,52372,23577.0,89813.0,23574,23575,23683,20375,,一般,,day
2025/08/05,TX,202508,23282.0,23432.0,23267.0,23420.0,148,0.64%,24455,,,23413,23421,23683,20375,,盤後,,after
2025/08/06,TX,202508,23423.0,23483.0,23381.0,23425.0,-152,-0.64%,45239,23417.0,86040.0,23427,23430,23683,20375,,一般,,day
2025/08/06,TX,202508,23599.0,23622.0,23376.0,23398.0,-179,-0.76%,41998,,,23400,23401,23683,20375,,盤後,,after
2025/08/07,TX,202508,23416.0,23526.0,23291.0,23475.0,58,0.25%,39614,,,23475,23480,23683,20375,,盤後,,after
2025/08/07,TX,202508,23660.0,24054.0,23653.0,23997.0,580,2.48%,71465,23997.0,88584.0,23994,23997,24054,20375,,一般,,day
2025/08/08,TX,202508,24091.0,24095.0,23947.0,23949.0,-48,-0.20%,42140,23953.0,85806.0,23948,23951,24132,20375,,一般,,day
2025/08/08,TX,202508,24001.0,24132.0,23930.0,24022.0,25,0.10%,43307,,,24014,24023,24132,20375,,盤後,,after
2025/08/11,TX,202508,23973.0,24223.0,23833.0,24162.0,209,0.87%,62090,24148.0,84207.0,24157,24161,24223,20375,,一般,,day
2025/08/11,TX,202508,23927.0,24020.0,23905.0,24013.0,60,0.25%,26734,,,24009,24014,24132,20375,,盤後,,after
2025/08/12,TX,202508,24155.0,24241.0,24088.0,24135.0,-13,-0.05%,53748,24142.0,82714.0,24135,24139,24241,20375,,一般,,day
2025/08/12,TX,202508,24166.0,24194.0,24071.0,24088.0,-60,-0.25%,24885,,,24084,24089,24223,20375,,盤後,,after
2025/08/13,TX,202508,24298.0,24412.0,24154.0,24347.0,205,0.85%,71303,24343.0,82242.0,24345,24347,24412,20375,,一般,,day
2025/08/13,TX,202508,24170.0,24328.0,24133.0,24315.0,173,0.72%,33192,,,24315,24318,24328,20375,,盤後,,after
2025/08/14,TX,202508,24337.0,24362.0,24207.0,24250.0,-93,-0.38%,46241,24252.0,80505.0,24250,24254,24440,20375,,一般,,day
2025/08/14,TX,202508,24349.0,24440.0,24305.0,24344.0,1,0.00%,28958,,,24342,24345,24440,20375,,盤後,,after
2025/08/15,TX,202508,24247.0,24319.0,24193.0,24296.0,44,0.18%,29305,,,24294,24298,24440,20375,,盤後,,after
2025/08/15,TX,202508,24282.0,24385.0,24188.0,24312.0,60,0.25%,64076,24297.0,71601.0,24315,24318,24440,20375,,一般,,day
2025/08/18,TX,202508,24199.0,24462.0,24176.0,24426.0,129,0.53%,86686,24424.0,45335.0,24424,24426,24462,20375,,一般,,day
2025/08/18,TX,202508,24320.0,24340.0,24138.0,24155.0,-142,-0.58%,30632,,,24155,24161,24440,20375,,盤後,,after
2025/08/19,TX,202508,24380.0,24447.0,24313.0,24342.0,-82,-0.34%,70121,24346.0,25409.0,24341,24343,24462,20375,,一般,,day
2025/08/19,TX,202508,24388.0,24439.0,24356.0,24415.0,-9,-0.04%,19464,,,24416,24419,24462,20375,,盤後,,after
2025/08/20,TX,202508,24350.0,24380.0,24211.0,24217.0,-129,-0.53%,24035,,,24217,24223,24462,20375,,盤後,,after
2025/08/20,TX,202509,24100.0,24140.0,23613.0,23667.0,-621,-2.56%,64312,23661.0,77044.0,23666,23670,24439,16850,,一般,,day
2025/08/21,TX,202509,23729.0,23943.0,23691.0,23852.0,191,0.81%,63709,23852.0,78314.0,23848,23852,24439,16850,,一般,,day
2025/08/21,TX,202509,23661.0,23758.0,23531.0,23715.0,54,0.23%,50480,,,23708,23717,24439,16850,,盤後,,after
2025/08/22,TX,202509,23877.0,23982.0,23732.0,23750.0,-102,-0.43%,56030,23750.0,79917.0,23747,23750,24439,16850,,一般,,day
2025/08/22,TX,202509,23870.0,23929.0,23754.0,23800.0,-52,-0.22%,39496,,,23800,23809,24439,16850,,盤後,,after
2025/08/25,TX,202509,23720.0,24123.0,23717.0,24115.0,365,1.54%,54602,,,24112,24115,24439,16850,,盤後,,after
2025/08/25,TX,202509,24120.0,24314.0,24070.0,24251.0,501,2.11%,63108,24255.0,79500.0,24248,24253,24439,16850,,一般,,day
2025/08/26,TX,202509,24230.0,24258.0,24139.0,24180.0,-75,-0.31%,27709,,,24178,24186,24439,16850,,盤後,,after
2025/08/26,TX,202509,24143.0,24281.0,24090.0,24253.0,-2,-0.01%,53798,24255.0,78136.0,24253,24257,24439,16850,,一般,,day
2025/08/27,TX,202509,24242.0,24357.0,24189.0,24356.0,101,0.42%,27700,,,24354,24357,24439,16850,,盤後,,after
2025/08/27,TX,202509,24350.0,24496.0,24331.0,24463.0,208,0.86%,51154,24464.0,79386.0,24462,24468,24496,16850,,一般,,day
2025/08/28,TX,202509,24358.0,24420.0,24203.0,24228.0,-236,-0.96%,62184,24224.0,77692.0,24222,24227,24496,16850,,一般,,day
2025/08/28,TX,202509,24473.0,24488.0,24318.0,24351.0,-113,-0.46%,36367,,,24344,24352,24496,16850,,盤後,,after
2025/08/29,TX,202509,24401.0,24453.0,24246.0,24267.0,43,0.18%,56576,24268.0,76941.0,24266,24267,24496,16850,,一般,,day
2025/08/29,TX,202509,24268.0,24443.0,24256.0,24414.0,190,0.78%,37140,,,24409,24415,24496,16850,,盤後,,after
2025/09/01,TX,202509,24250.0,24284.0,24033.0,24061.0,-207,-0.85%,47988,,,24061,24066,24496,16850,,盤後,,after
2025/09/01,TX,202509,24120.0,24245.0,23847.0,24008.0,-260,-1.07%,82254,24007.0,77422.0,24008,24012,24496,16850,,一般,,day
2025/09/02,TX,202509,24083.0,24249.0,23879.0,23965.0,-42,-0.17%,78953,23972.0,77919.0,23967,23971,24496,16850,,一般,,day
2025/09/02,TX,202509,24019.0,24096.0,24008.0,24085.0,78,0.32%,14381,,,24081,24085,24496,16850,,盤後,,after
2025/09/03,TX,202509,24009.0,24022.0,23691.0,23940.0,-32,-0.13%,69586,,,23940,23942,24496,16850,,盤後,,after
2025/09/03,TX,202509,23966.0,24083.0,23888.0,23997.0,25,0.10%,57816,23997.0,78405.0,23994,23997,24496,16850,,一般,,day
2025/09/04,TX,202509,24195.0,24365.0,24113.0,24132.0,135,0.56%,78433,24130.0,77307.0,24131,24132,24496,16850,,一般,,day
2025/09/04,TX,202509,24020.0,24188.0,23977.0,24129.0,132,0.55%,46166,,,24126,24130,24496,16850,,盤後,,after
2025/09/05,TX,202509,24125.0,24338.0,24120.0,24335.0,205,0.85%,34319,,,24322,24334,24496,16850,,盤後,,after
2025/09/05,TX,202509,24363.0,24429.0,24286.0,24419.0,289,1.20%,55821,24424.0,77754.0,24416,24419,24496,16850,,一般,,day
2025/09/08,TX,202509,24588.0,24674.0,24518.0,24551.0,127,0.52%,58765,24556.0,77312.0,24549,24553,24674,16850,,一般,,day
2025/09/08,TX,202509,24440.0,24549.0,24288.0,24478.0,54,0.22%,61197,,,24475,24478,24549,16850,,盤後,,after
2025/09/09,TX,202509,24725.0,24838.0,24660.0,24802.0,246,1.00%,56977,24803.0,79446.0,24803,24805,24838,16850,,一般,,day
2025/09/09,TX,202509,24570.0,24720.0,24562.0,24712.0,156,0.64%,25001,,,24709,24714,24720,16850,,盤後,,after
2025/09/10,TX,202509,24970.0,25244.0,24961.0,25178.0,375,1.51%,70661,25176.0,81079.0,25172,25178,25244,16850,,一般,,day
2025/09/10,TX,202509,24809.0,24977.0,24750.0,24977.0,174,0.70%,40441,,,24975,24977,24977,16850,,盤後,,after
2025/09/11,TX,202509,25193.0,25475.0,25165.0,25361.0,185,0.73%,50263,,,25358,25363,25475,16850,,盤後,,after
2025/09/11,TX,202509,25386.0,25464.0,25176.0,25240.0,64,0.25%,73339,25233.0,80304.0,25234,25239,25475,16850,,一般,,day
2025/09/12,TX,202509,25418.0,25466.0,25350.0,25459.0,226,0.90%,55444,25458.0,73194.0,25463,25466,25475,16850,,一般,,day
2025/09/12,TX,202509,25259.0,25446.0,25255.0,25409.0,176,0.70%,39455,,,25400,25410,25475,16850,,盤後,,after
2025/09/15,TX,202509,25428.0,25439.0,25319.0,25378.0,-80,-0.31%,29673,,,25376,25383,25475,16850,,盤後,,after
2025/09/15,TX,202509,25404.0,25450.0,25269.0,25353.0,-105,-0.41%,89375,25347.0,40730.0,25350,25353,25475,16850,,一般,,day
2025/09/16,TX,202509,25420.0,25663.0,25410.0,25629.0,282,1.11%,76338,25625.0,20444.0,25628,25630,25663,16850,,一般,,day
2025/09/16,TX,202509,25371.0,25449.0,25284.0,25428.0,81,0.32%,26734,,,25421,25428,25475,16850,,盤後,,after
2025/09/17,TX,202509,25620.0,25649.0,25504.0,25554.0,-71,-0.28%,28457,,,25554,25558,25663,16850,,盤後,,after
2025/09/17,TX,202510,25575.0,25596.0,25441.0,25470.0,-165,-0.64%,33472,25473.0,67628.0,25470,25475,25665,22803,,一般,,day
2025/09/18,TX,202510,25474.0,25635.0,25349.0,25553.0,80,0.31%,57597,,,25549,25554,25665,22803,,盤後,,after
2025/09/18,TX,202510,25623.0,25747.0,25490.0,25709.0,236,0.93%,60615,25712.0,71532.0,25708,25710,25747,22803,,一般,,day
2025/09/19,TX,202510,25850.0,25853.0,25636.0,25671.0,-41,-0.16%,59278,25670.0,71778.0,25670,25674,25888,22803,,一般,,day
2025/09/19,TX,202510,25707.0,25888.0,25594.0,25841.0,129,0.50%,68868,,,25836,25841,25888,22803,,盤後,,after
2025/09/22,TX,202510,25756.0,25941.0,25689.0,25891.0,221,0.86%,57516,25893.0,72252.0,25892,25895,25941,22803,,一般,,day
2025/09/22,TX,202510,25667.0,25757.0,25642.0,25737.0,67,0.26%,29239,,,25736,25739,25888,22803,,盤後,,after
2025/09/23,TX,202510,25864.0,26106.0,25792.0,26070.0,177,0.68%,40600,,,26063,26070,26106,22803,,盤後,,after
2025/09/23,TX,202510,26058.0,26328.0,26023.0,26273.0,380,1.47%,77069,26263.0,73045.0,26269,26273,26328,22803,,一般,,day
2025/09/24,TX,202510,26376.0,26393.0,26072.0,26237.0,-26,-0.10%,71446,26234.0,70919.0,26236,26238,26544,22803,,一般,,day
2025/09/24,TX,202510,26263.0,26544.0,26245.0,26416.0,153,0.58%,58787,,,26405,26420,26544,22803,,盤後,,after
2025/09/25,TX,202510,26231.0,26296.0,26108.0,26198.0,-36,-0.14%,37964,,,26194,26205,26544,22803,,盤後,,after
2025/09/25,TX,202510,26191.0,26283.0,26087.0,26097.0,-137,-0.52%,55994,26095.0,69269.0,26097,26101,26544,22803,,一般,,day
2025/09/26,TX,202510,25944.0,25991.0,25500.0,25669.0,-426,-1.63%,95718,25660.0,68993.0,25665,25668,26544,22803,,一般,,day
2025/09/26,TX,202510,26065.0,26094.0,25845.0,26012.0,-83,-0.32%,58688,,,26013,26026,26544,22803,,盤後,,after
2025/09/30,TX,202510,25650.0,25792.0,25566.0,25742.0,82,0.32%,45532,,,25741,25748,26544,22803,,盤後,,after
2025/09/30,TX,202510,25800.0,26046.0,25797.0,25954.0,294,1.15%,58862,25953.0,68612.0,25954,25957,26544,22803,,一般,,day
2025/10/01,TX,202510,26094.0,26375.0,26000.0,26045.0,92,0.35%,77280,26043.0,68183.0,26044,26047,26544,22803,,一般,,day
2025/10/01,TX,202510,25948.0,26161.0,25913.0,26130.0,177,0.68%,35252,,,26127,26130,26544,22803,,盤後,,after
2025/10/02,TX,202510,26459.0,26527.0,26381.0,26431.0,388,1.49%,57057,26424.0,69805.0,26428,26432,26544,22803,,一般,,day
2025/10/02,TX,202510,25982.0,26445.0,25920.0,26421.0,378,1.45%,51865,,,26420,26424,26544,22803,,盤後,,after
2025/10/03,TX,202510,26480.0,26764.0,26388.0,26745.0,321,1.21%,68029,26736.0,71284.0,26741,26746,26764,22803,,一般,,day
2025/10/03,TX,202510,26428.0,26607.0,26365.0,26427.0,3,0.01%,49045,,,26420,26424,26607,22803,,盤後,,after
2025/10/07,TX,202510,26769.0,26845.0,26632.0,26680.0,-56,-0.21%,42343,,,26674,26689,26845,22803,,盤後,,after
2025/10/07,TX,202510,27202.0,27356.0,26995.0,27322.0,586,2.19%,70532,27317.0,71648.0,27315,27322,27356,22803,,一般,,day
2025/10/08,TX,202510,27291.0,27396.0,27007.0,27040.0,-277,-1.01%,52105,,,27040,27043,27396,22803,,盤後,,after
2025/10/08,TX,202510,27061.0,27127.0,26912.0,27093.0,-224,-0.82%,58514,27093.0,69901.0,27093,27096,27396,22803,,一般,,day
2025/10/09,TX,202510,27025.0,27440.0,27000.0,27420.0,327,1.21%,48451,,,27416,27420,27440,22803,,盤後,,after
2025/10/09,TX,202510,27440.0,27455.0,27273.0,27335.0,242,0.89%,71155,27338.0,67679.0,27333,27335,27455,22803,,一般,,day
2025/10/13,TX,202510,27342.0,27396.0,27059.0,27108.0,-230,-0.84%,44466,,,27108,27110,27455,22803,,盤後,,after
2025/10/13,TX,202510,26450.0,26945.0,26390.0,26904.0,-434,-1.59%,112620,26915.0,41428.0,26901,26911,27455,22803,,一般,,day
2025/10/14,TX,202510,26920.0,27280.0,26888.0,27250.0,335,1.24%,54312,,,27249,27263,27455,22803,,盤後,,after
2025/10/14,TX,202510,27269.0,27450.0,26716.0,26718.0,-197,-0.73%,122162,26725.0,19596.0,26718,26721,27455,22803,,一般,,day
2025/10/15,TX,202511,26878.0,27300.0,26821.0,27288.0,518,1.94%,50492,27289.0,61267.0,27285,27288,27493,23736,,一般,,day
2025/10/15,TX,202510,26740.0,27027.0,26500.0,26783.0,58,0.22%,69414,,,26777,26784,27455,22803,,盤後,,after
2025/10/16,TX,202511,27329.0,27565.0,27230.0,27478.0,189,0.69%,81199,,,27475,27478,27565,23736,,盤後,,after
2025/10/16,TX,202511,27545.0,27877.0,27450.0,27822.0,533,1.95%,93889,27818.0,64988.0,27820,27822,27877,23736,,一般,,day
2025/10/17,TX,202511,27251.0,27545.0,27244.0,27328.0,-490,-1.76%,70093,27328.0,65454.0,27328,27329,27877,23736,,一般,,day
2025/10/17,TX,202511,27782.0,27814.0,27446.0,27492.0,-326,-1.17%,93383,,,27492,27498,27877,23736,,盤後,,after
2025/10/20,TX,202511,27444.0,27824.0,27432.0,27783.0,455,1.66%,75805,27780.0,66733.0,27780,27783,27877,23736,,一般,,day
2025/10/20,TX,202511,27265.0,27489.0,27037.0,27453.0,125,0.46%,96819,,,27446,27454,27877,23736,,盤後,,after
2025/10/21,TX,202511,27900.0,28036.0,27798.0,27833.0,53,0.19%,73065,27831.0,67357.0,27832,27834,28036,23736,,一般,,day
2025/10/21,TX,202511,27818.0,27952.0,27703.0,27847.0,67,0.24%,49528,,,27847,27849,27952,23736,,盤後,,after
2025/10/22,TX,202511,27826.0,27948.0,27705.0,27733.0,-98,-0.35%,52045,,,27733,27739,28036,23736,,盤後,,after
2025/10/22,TX,202511,27690.0,27797.0,27526.0,27704.0,-127,-0.46%,77497,27708.0,64052.0,27704,27707,28036,23736,,一般,,day
2025/10/23,TX,202511,27385.0,27629.0,27313.0,27556.0,-152,-0.55%,58000,27556.0,63279.0,27556,27560,28036,23736,,一般,,day
2025/10/23,TX,202511,27732.0,27738.0,27311.0,27399.0,-309,-1.12%,73909,,,27399,27404,28036,23736,,盤後,,after
2025/10/27,TX,202511,27620.0,27804.0,27496.0,27742.0,186,0.67%,51456,,,27730,27744,28036,23736,,盤後,,after
2025/10/27,TX,202511,28284.0,28291.0,28079.0,28225.0,669,2.43%,60960,28219.0,64355.0,28223,28225,28291,23736,,一般,,day
2025/10/28,TX,202511,28236.0,28320.0,28065.0,28310.0,91,0.32%,40411,,,28310,28317,28320,23736,,盤後,,after
2025/10/28,TX,202511,28233.0,28250.0,27984.0,28002.0,-217,-0.77%,58805,28005.0,64509.0,28002,28003,28320,23736,,一般,,day
2025/10/29,TX,202511,27988.0,28258.0,27953.0,28215.0,210,0.75%,41261,,,28210,28216,28320,23736,,盤後,,after
2025/10/29,TX,202511,28225.0,28446.0,28203.0,28412.0,407,1.45%,59854,28414.0,66115.0,28411,28416,28446,23736,,一般,,day
2025/10/30,TX,202511,28430.0,28552.0,28181.0,28398.0,-16,-0.06%,79008,28399.0,65284.0,28398,28401,28552,23736,,一般,,day
2025/10/30,TX,202511,28443.0,28525.0,28261.0,28365.0,-49,-0.17%,52869,,,28352,28366,28525,23736,,盤後,,after
2025/10/31,TX,202511,28380.0,28438.0,28200.0,28290.0,-109,-0.38%,47452,,,28288,28292,28552,23736,,盤後,,after
2025/10/31,TX,202511,28478.0,28588.0,28378.0,28431.0,32,0.11%,66689,28430.0,66350.0,28430,28436,28588,23736,,一般,,day
2025/11/03,TX,202511,28380.0,28583.0,28229.0,28340.0,-90,-0.32%,71870,28341.0,67082.0,28337,28340,28588,23736,,一般,,day
2025/11/03,TX,202511,28430.0,28458.0,28150.0,28265.0,-165,-0.58%,52159,,,28265,28271,28588,23736,,盤後,,after
2025/11/04,TX,202511,28410.0,28594.0,28113.0,28117.0,-224,-0.79%,87286,28119.0,67053.0,28113,28117,28594,23736,,一般,,day
2025/11/04,TX,202511,28322.0,28572.0,28273.0,28496.0,155,0.55%,43702,,,28492,28496,28588,23736,,盤後,,after
2025/11/05,TX,202511,28100.0,28229.0,27906.0,27912.0,-207,-0.74%,61678,,,27912,27915,28594,23736,,盤後,,after
2025/11/05,TX,202511,27710.0,27850.0,27415.0,27805.0,-314,-1.12%,112619,27808.0,68021.0,27800,27808,28594,23736,,一般,,day
2025/11/06,TX,202511,27860.0,28157.0,27746.0,28052.0,244,0.88%,50350,,,28051,28055,28594,23736,,盤後,,after
2025/11/06,TX,202511,28010.0,28141.0,27903.0,28034.0,226,0.81%,69013,28034.0,67626.0,28029,28034,28594,23736,,一般,,day
2025/11/07,TX,202511,28010.0,28136.0,27614.0,27665.0,-369,-1.32%,77027,,,27664,27666,28594,23736,,盤後,,after
2025/11/07,TX,202511,27777.0,27838.0,27596.0,27730.0,-304,-1.08%,78246,27721.0,67248.0,27731,27733,28594,23736,,一般,,day
2025/11/10,TX,202511,27777.0,28039.0,27718.0,28016.0,295,1.06%,70027,28016.0,67200.0,28016,28018,28594,23736,,一般,,day
2025/11/10,TX,202511,27759.0,27812.0,27155.0,27561.0,-160,-0.58%,84438,,,27560,27561,28594,23736,,盤後,,after
2025/11/11,TX,202511,28001.0,28107.0,27793.0,28106.0,90,0.32%,51161,,,28105,28108,28594,23736,,盤後,,after
2025/11/11,TX,202511,28149.0,28180.0,27762.0,27780.0,-236,-0.84%,68312,27780.0,66600.0,27772,27780,28594,23736,,一般,,day
2025/11/12,TX,202511,27815.0,27982.0,27705.0,27903.0,123,0.44%,52412,,,27900,27908,28594,23736,,盤後,,after
2025/11/12,TX,202511,27889.0,28078.0,27858.0,28054.0,274,0.99%,59591,28059.0,67622.0,28052,28055,28594,23736,,一般,,day
2025/11/13,TX,202511,28038.0,28044.0,27802.0,27980.0,-79,-0.28%,69907,27978.0,65717.0,27981,27982,28594,23736,,一般,,day
2025/11/13,TX,202511,28080.0,28176.0,27977.0,28065.0,6,0.02%,48074,,,28060,28065,28594,23736,,盤後,,after
2025/11/14,TX,202511,28013.0,28072.0,27432.0,27467.0,-511,-1.83%,73383,,,27460,27490,28594,23736,,盤後,,after
2025/11/14,TX,202511,27510.0,27596.0,27366.0,27401.0,-577,-2.06%,75965,27404.0,66940.0,27402,27411,28594,23736,,一般,,day
2025/11/17,TX,202511,27389.0,27600.0,26954.0,27490.0,86,0.31%,100597,,,27490,27499,28594,23736,,盤後,,after
2025/11/17,TX,202511,27570.0,27690.0,27465.0,27479.0,75,0.27%,105151,27481.0,38590.0,27476,27477,28594,23736,,一般,,day
2025/11/18,TX,202511,27142.0,27298.0,26772.0,26805.0,-676,-2.46%,105050,26814.0,19021.0,26805,26811,28594,23736,,一般,,day
2025/11/18,TX,202511,27454.0,27577.0,27070.0,27175.0,-306,-1.11%,76490,,,27173,27177,28594,23736,,盤後,,after
2025/11/19,TX,202512,26801.0,26919.0,26559.0,26595.0,-227,-0.85%,51969,26606.0,66420.0,26596,26602,28611,16873,,一般,,day
2025/11/19,TX,202511,26747.0,27021.0,26695.0,26906.0,92,0.34%,65594,,,26905,26910,28594,23736,,盤後,,after
2025/11/20,TX,202512,27308.0,27492.0,27201.0,27482.0,876,3.29%,86253,27484.0,67010.0,27480,27483,28611,16873,,一般,,day
2025/11/20,TX,202512,26685.0,27073.0,26658.0,26979.0,373,1.40%,64692,,,26976,26979,28611,16873,,盤後,,after
2025/11/21,TX,202512,27508.0,27540.0,26688.0,26690.0,-794,-2.89%,95818,,,26690,26699,28611,16873,,盤後,,after
2025/11/21,TX,202512,26750.0,26770.0,26397.0,26486.0,-998,-3.63%,94807,26476.0,72140.0,26480,26484,28611,16873,,一般,,day
2025/11/24,TX,202512,26489.0,26802.0,26247.0,26673.0,197,0.74%,109092,,,26663,26674,28611,16873,,盤後,,after
2025/11/24,TX,202512,26705.0,26730.0,26536.0,26615.0,139,0.53%,64017,26614.0,72691.0,26611,26615,28611,16873,,一般,,day
2025/11/25,TX,202512,27055.0,27105.0,26773.0,26933.0,319,1.20%,65279,26933.0,71578.0,26935,26938,28611,16873,,一般,,day
2025/11/25,TX,202512,26615.0,27053.0,26454.0,27052.0,438,1.65%,60050,,,27043,27052,28611,16873,,盤後,,after
2025/11/26,TX,202512,27188.0,27384.0,27133.0,27329.0,396,1.47%,65611,27339.0,75477.0,27329,27332,28611,16873,,一般,,day
2025/11/26,TX,202512,26918.0,27183.0,26650.0,27180.0,247,0.92%,70439,,,27173,27180,28611,16873,,盤後,,after
2025/11/27,TX,202512,27518.0,27649.0,27461.0,27583.0,244,0.89%,61470,27579.0,73249.0,27582,27583,28611,16873,,一般,,day
2025/11/27,TX,202512,27350.0,27512.0,27222.0,27447.0,108,0.40%,52347,,,27441,27446,28611,16873,,盤後,,after
2025/11/28,TX,202512,27590.0,27854.0,27558.0,27744.0,165,0.60%,59543,27737.0,73818.0,27742,27745,28611,16873,,一般,,day
2025/11/28,TX,202512,27576.0,27589.0,27524.0,27555.0,-24,-0.09%,12632,,,27553,27564,28611,16873,,盤後,,after
2025/12/01,TX,202512,27650.0,27674.0,27401.0,27404.0,-333,-1.20%,64629,27406.0,71269.0,27405,27407,28611,16873,,一般,,day
2025/12/01,TX,202512,27743.0,27864.0,27693.0,27784.0,47,0.17%,28406,,,27782,27788,28611,16873,,盤後,,after
2025/12/02,TX,202512,27452.0,27737.0,27407.0,27602.0,196,0.72%,48974,,,27601,27603,28611,16873,,盤後,,after
2025/12/02,TX,202512,27674.0,27789.0,27528.0,27561.0,155,0.57%,56480,27559.0,70686.0,27560,27563,28611,16873,,一般,,day
2025/12/03,TX,202512,27808.0,27888.0,27690.0,27758.0,199,0.72%,54873,27760.0,71057.0,27757,27758,28611,16873,,一般,,day
2025/12/03,TX,202512,27568.0,27854.0,27567.0,27800.0,241,0.87%,51103,,,27798,27802,28611,16873,,盤後,,after
2025/12/04,TX,202512,27841.0,27880.0,27670.0,27799.0,39,0.14%,49647,27798.0,71290.0,27796,27799,28611,16873,,一般,,day
2025/12/04,TX,202512,27748.0,27860.0,27610.0,27856.0,96,0.35%,48539,,,27855,27859,28611,16873,,盤後,,after
2025/12/05,TX,202512,27792.0,28019.0,27763.0,28016.0,218,0.78%,57889,28010.0,73290.0,28014,28016,28611,16873,,一般,,day
2025/12/05,TX,202512,27829.0,27854.0,27702.0,27766.0,-32,-0.12%,33319,,,27764,27770,28611,16873,,盤後,,after
2025/12/08,TX,202512,28027.0,28182.0,27972.0,28045.0,35,0.12%,43555,,,28044,28051,28611,16873,,盤後,,after
2025/12/08,TX,202512,28054.0,28298.0,28019.0,28286.0,276,0.99%,46283,28284.0,74455.0,28282,28286,28611,16873,,一般,,day
2025/12/09,TX,202512,28285.0,28334.0,28169.0,28252.0,-32,-0.11%,34107,,,28254,28257,28611,16873,,盤後,,after
2025/12/09,TX,202512,28350.0,28360.0,28204.0,28220.0,-64,-0.23%,41059,28217.0,73380.0,28219,28223,28611,16873,,一般,,day
2025/12/10,TX,202512,28279.0,28434.0,28252.0,28398.0,181,0.64%,52229,28400.0,74077.0,28397,28399,28611,16873,,一般,,day
2025/12/10,TX,202512,28215.0,28312.0,28133.0,28289.0,72,0.26%,29792,,,28287,28290,28611,16873,,盤後,,after
2025/12/11,TX,202512,28418.0,28700.0,28342.0,28672.0,272,0.96%,38058,,,28671,28672,28700,16873,,盤後,,after
2025/12/11,TX,202512,28600.0,28602.0,28059.0,28110.0,-290,-1.02%,76960,28101.0,73166.0,28104,28108,28700,16873,,一般,,day
2025/12/12,TX,202512,28112.0,28347.0,28095.0,28322.0,221,0.79%,47712,,,28320,28322,28700,16873,,盤後,,after
2025/12/12,TX,202512,28266.0,28342.0,28157.0,28292.0,191,0.68%,55172,28290.0,69510.0,28292,28293,28700,16873,,一般,,day
2025/12/15,TX,202512,28280.0,28335.0,27712.0,27729.0,-561,-1.98%,68804,,,27724,27730,28700,16873,,盤後,,after
2025/12/15,TX,202512,27834.0,27984.0,27755.0,27907.0,-383,-1.35%,78935,27910.0,46562.0,27907,27910,28700,16873,,一般,,day
2025/12/16,TX,202512,27890.0,28030.0,27667.0,27675.0,-235,-0.84%,45859,,,27673,27675,28700,16873,,盤後,,after
2025/12/16,TX,202512,27630.0,27689.0,27411.0,27624.0,-286,-1.02%,92661,27635.0,20031.0,27624,27627,28700,16873,,一般,,day
2025/12/17,TX,202512,27622.0,27797.0,27561.0,27683.0,48,0.17%,40047,,,27681,27693,28700,16873,,盤後,,after
2025/12/17,TX,202601,27714.0,27858.0,27591.0,27692.0,-36,-0.13%,43856,27689.0,66332.0,27689,27692,28728,26277,,一般,,day
2025/12/18,TX,202601,27753.0,27961.0,27348.0,27410.0,-279,-1.01%,77414,,,27407,27412,28728,26277,,盤後,,after
2025/12/18,TX,202601,27500.0,27679.0,27457.0,27591.0,-98,-0.35%,66879,27598.0,70943.0,27588,27592,28728,26277,,一般,,day
2025/12/19,TX,202601,27800.0,27983.0,27795.0,27894.0,296,1.07%,64331,27897.0,71847.0,27895,27897,28728,26277,,一般,,day
2025/12/19,TX,202601,27590.0,27915.0,27579.0,27815.0,217,0.79%,58823,,,27813,27823,28728,26277,,盤後,,after
2025/12/22,TX,202601,27898.0,28188.0,27870.0,28120.0,223,0.80%,46171,,,28119,28120,28728,26277,,盤後,,after
2025/12/22,TX,202601,28256.0,28368.0,28170.0,28341.0,444,1.59%,52684,28341.0,73240.0,28335,28340,28728,26277,,一般,,day
2025/12/23,TX,202601,28346.0,28400.0,28289.0,28343.0,2,0.01%,26638,,,28341,28348,28728,26277,,盤後,,after
2025/12/23,TX,202601,28392.0,28455.0,28359.0,28413.0,72,0.25%,38940,28415.0,72941.0,28413,28417,28728,26277,,一般,,day
2025/12/24,TX,202601,28411.0,28562.0,28336.0,28562.0,147,0.52%,31924,,,28558,28563,28728,26277,,盤後,,after
2025/12/24,TX,202601,28565.0,28577.0,28400.0,28472.0,57,0.20%,37086,28467.0,74207.0,28467,28471,28728,26277,,一般,,day
2025/12/26,TX,202601,28595.0,28714.0,28536.0,28673.0,206,0.72%,44249,28677.0,75964.0,28672,28673,28728,26277,,一般,,day
2025/12/26,TX,202601,28469.0,28568.0,28457.0,28531.0,64,0.22%,16258,,,28531,28534,28728,26277,,盤後,,after
2025/12/29,TX,202601,28665.0,28735.0,28616.0,28708.0,31,0.11%,22207,,,28706,28709,28735,26277,,盤後,,after
2025/12/29,TX,202601,28749.0,28998.0,28713.0,28950.0,273,0.95%,49289,28940.0,77251.0,28948,28950,28998,26277,,一般,,day
2025/12/30,TX,202601,28777.0,28942.0,28705.0,28881.0,-59,-0.20%,45027,28875.0,75004.0,28877,28880,28998,26277,,一般,,day
2025/12/30,TX,202601,28940.0,28955.0,28716.0,28786.0,-154,-0.53%,31880,,,28784,28786,28998,26277,,盤後,,after
2025/12/31,TX,202601,28842.0,29053.0,28782.0,29016.0,141,0.49%,53098,29014.0,72855.0,29015,29019,29053,26277,,一般,,day
2025/12/31,TX,202601,28867.0,28972.0,28786.0,28879.0,4,0.01%,25932,,,28874,28879,28998,26277,,盤後,,after
2026/01/02,TX,202601,29047.0,29500.0,29026.0,29473.0,459,1.58%,64172,29479.0,75017.0,29472,29473,29500,26277,,一般,,day
2026/01/02,TX,202601,29015.0,29118.0,28961.0,29009.0,-5,-0.02%,24132,,,29005,29012,29118,26277,,盤後,,after
2026/01/05,TX,202601,29888.0,30487.0,29850.0,30313.0,834,2.83%,95320,30309.0,75674.0,30309,30312,30487,26277,,一般,,day
2026/01/05,TX,202601,29505.0,29796.0,29463.0,29776.0,297,1.01%,58378,,,29772,29778,29796,26277,,盤後,,after
2026/01/06,TX,202601,30358.0,30418.0,30209.0,30290.0,-19,-0.06%,37930,,,30289,30293,30487,26277,,盤後,,after
2026/01/06,TX,202601,30271.0,30672.0,30183.0,30617.0,308,1.02%,59699,30627.0,75467.0,30611,30615,30672,26277,,一般,,day
2026/01/07,TX,202601,30628.0,30665.0,30455.0,30603.0,-24,-0.08%,38491,,,30602,30612,30672,26277,,盤後,,after
2026/01/07,TX,202601,30609.0,30676.0,30448.0,30516.0,-111,-0.36%,57861,30516.0,74241.0,30517,30522,30676,26277,,一般,,day
2026/01/08,TX,202601,30362.0,30663.0,30353.0,30458.0,-58,-0.19%,63571,30458.0,72580.0,30458,30461,30676,26277,,一般,,day
2026/01/08,TX,202601,30508.0,30563.0,30266.0,30306.0,-210,-0.69%,34258,,,30305,30308,30676,26277,,盤後,,after
2026/01/09,TX,202601,30433.0,30583.0,30325.0,30458.0,0,0.00%,38418,,,30454,30458,30676,26277,,盤後,,after
2026/01/09,TX,202601,30450.0,30578.0,30005.0,30456.0,-2,-0.01%,83205,30453.0,72254.0,30452,30453,30676,26277,,一般,,day
2026/01/12,TX,202601,30469.0,30840.0,30417.0,30826.0,373,1.22%,45074,,,30820,30828,30840,26277,,盤後,,after
2026/01/12,TX,202601,30717.0,30763.0,30555.0,30701.0,248,0.81%,57701,30700.0,71308.0,30701,30704,30840,26277,,一般,,day
2026/01/13,TX,202601,31067.0,31252.0,30626.0,30874.0,174,0.57%,76999,30870.0,72530.0,30873,30874,31252,26277,,一般,,day
2026/01/13,TX,202601,30730.0,31107.0,30652.0,31071.0,371,1.21%,46616,,,31070,31080,31107,26277,,盤後,,after
2026/01/14,TX,202601,31000.0,31162.0,30937.0,30982.0,112,0.36%,54974,30980.0,75427.0,30980,30983,31252,26277,,一般,,day
2026/01/14,TX,202601,30870.0,31127.0,30855.0,30956.0,86,0.28%,52649,,,30953,30958,31252,26277,,盤後,,after
2026/01/15,TX,202601,30831.0,31057.0,30744.0,31050.0,70,0.23%,58154,31050.0,75732.0,31050,31052,31252,26277,,一般,,day
2026/01/15,TX,202601,30940.0,30990.0,30657.0,30841.0,-139,-0.45%,52310,,,30834,30841,31252,26277,,盤後,,after
2026/01/16,TX,202601,31382.0,31536.0,31157.0,31474.0,424,1.37%,72871,31476.0,70108.0,31473,31477,31543,26277,,一般,,day
2026/01/16,TX,202601,31182.0,31543.0,31119.0,31335.0,285,0.92%,65948,,,31335,31341,31543,26277,,盤後,,after
2026/01/19,TX,202601,31491.0,31525.0,31287.0,31342.0,-134,-0.43%,35778,,,31342,31346,31543,26277,,盤後,,after
2026/01/19,TX,202601,31272.0,31774.0,31208.0,31669.0,193,0.61%,89177,31672.0,46669.0,31667,31669,31774,26277,,一般,,day
2026/01/20,TX,202601,31481.0,31742.0,31328.0,31672.0,0,0.00%,81251,31668.0,22999.0,31673,31675,31774,26277,,一般,,day
2026/01/20,TX,202601,31641.0,31690.0,31525.0,31558.0,-114,-0.36%,24067,,,31555,31561,31774,26277,,盤後,,after
2026/01/21,TX,202601,31560.0,31575.0,31186.0,31231.0,-437,-1.38%,50056,,,31230,31231,31774,26277,,盤後,,after
2026/01/21,TX,202602,31437.0,31802.0,31377.0,31484.0,-310,-0.98%,59065,31471.0,65384.0,31479,31484,31890,26305,,一般,,day
2026/01/22,TX,202602,31506.0,31982.0,31448.0,31726.0,255,0.81%,80848,,,31723,31730,31982,26305,,盤後,,after
2026/01/22,TX,202602,31876.0,32057.0,31783.0,31857.0,386,1.23%,72142,31863.0,66455.0,31857,31860,32057,26305,,一般,,day
2026/01/23,TX,202602,31995.0,32166.0,31873.0,32153.0,290,0.91%,68404,32159.0,67256.0,32152,32156,32166,26305,,一般,,day
2026/01/23,TX,202602,31845.0,32135.0,31841.0,32012.0,149,0.47%,48858,,,32012,32018,32135,26305,,盤後,,after
2026/01/26,TX,202602,32128.0,32231.0,32086.0,32144.0,-15,-0.05%,57175,32150.0,66009.0,32144,32148,32265,26305,,一般,,day
2026/01/26,TX,202602,32184.0,32265.0,32058.0,32238.0,79,0.25%,51696,,,32237,32242,32265,26305,,盤後,,after
2026/01/27,TX,202602,32313.0,32532.0,32206.0,32509.0,359,1.12%,62851,32505.0,67594.0,32506,32509,32532,26305,,一般,,day
2026/01/27,TX,202602,32134.0,32363.0,32033.0,32288.0,138,0.43%,43161,,,32280,32288,32363,26305,,盤後,,after
2026/01/28,TX,202602,32758.0,32938.0,32668.0,32927.0,422,1.30%,60131,32925.0,68487.0,32923,32926,32938,26305,,一般,,day
2026/01/28,TX,202602,32526.0,32750.0,32513.0,32696.0,191,0.59%,35434,,,32692,32696,32750,26305,,盤後,,after
2026/01/29,TX,202602,33014.0,33014.0,32587.0,32777.0,-148,-0.45%,78180,32774.0,70655.0,32777,32780,33153,26305,,一般,,day
2026/01/29,TX,202602,32985.0,33153.0,32847.0,33015.0,90,0.27%,55311,,,33014,33016,33153,26305,,盤後,,after
2026/01/30,TX,202602,32456.0,32526.0,32092.0,32247.0,-527,-1.61%,84129,32252.0,69935.0,32249,32250,33153,26305,,一般,,day
2026/01/30,TX,202602,32758.0,32798.0,31994.0,32443.0,-331,-1.01%,84868,,,32441,32444,33153,26305,,盤後,,after
2026/02/02,TX,202602,31888.0,31964.0,31392.0,31610.0,-642,-1.99%,104352,31616.0,72341.0,31610,31616,33153,26305,,一般,,day
2026/02/02,TX,202602,32116.0,32306.0,31700.0,31889.0,-363,-1.13%,98563,,,31857,31889,33153,26305,,盤後,,after
2026/02/03,TX,202602,31580.0,32299.0,31578.0,32241.0,625,1.98%,57292,,,32240,32244,33153,26305,,盤後,,after
2026/02/03,TX,202602,32386.0,32446.0,32004.0,32261.0,645,2.04%,79583,32284.0,71853.0,32261,32263,33153,26305,,一般,,day
2026/02/04,TX,202602,32110.0,32475.0,32034.0,32423.0,139,0.43%,67316,32416.0,71802.0,32417,32424,33153,26305,,一般,,day
2026/02/04,TX,202602,32300.0,32499.0,31741.0,32105.0,-179,-0.55%,82423,,,32102,32106,33153,26305,,盤後,,after
2026/02/05,TX,202602,32477.0,32612.0,31766.0,31903.0,-513,-1.58%,91481,,,31900,31904,33153,26305,,盤後,,after
2026/02/05,TX,202602,31970.0,32166.0,31798.0,31907.0,-509,-1.57%,79892,31902.0,72022.0,31907,31910,33153,26305,,一般,,day
2026/02/06,TX,202602,31951.0,32052.0,31484.0,31760.0,-142,-0.45%,109716,,,31752,31761,33153,26305,,盤後,,after
2026/02/06,TX,202602,31458.0,31883.0,31220.0,31807.0,-95,-0.30%,98135,31789.0,67210.0,31802,31807,33153,26305,,一般,,day
2026/02/09,TX,202602,32824.0,32836.0,32515.0,32651.0,862,2.71%,66559,32650.0,63563.0,32651,32654,33153,26305,,一般,,day
2026/02/09,TX,202602,31847.0,32644.0,31753.0,32639.0,850,2.67%,68572,,,32630,32640,33153,26305,,盤後,,after
2026/02/10,TX,202602,32906.0,33309.0,32879.0,33307.0,657,2.01%,97636,33303.0,43863.0,33305,33307,33309,26305,,一般,,day
2026/02/10,TX,202602,32623.0,32999.0,32456.0,32912.0,262,0.80%,52449,,,32912,32918,33153,26305,,盤後,,after
2026/02/11,TX,202602,33261.0,33460.0,33182.0,33262.0,-41,-0.12%,55540,,,33261,33279,33460,26305,,盤後,,after
2026/02/11,TX,202602,33349.0,33843.0,33272.0,33691.0,388,1.17%,84634,33686.0,22710.0,33692,33696,33843,26305,,一般,,day
2026/02/23,TX,202603,34183.0,34507.0,33836.0,33961.0,123,0.36%,58585,33971.0,71483.0,33961,33965,34507,17068,,一般,,day
2026/02/23,TX,202602,33600.0,33984.0,33600.0,33969.0,283,0.84%,47486,,,33961,33970,33984,26305,,盤後,,after
2026/02/24,TX,202603,33957.0,34296.0,33821.0,34027.0,56,0.16%,48895,,,34020,34032,34507,17068,,盤後,,after
2026/02/24,TX,202603,34125.0,34956.0,34100.0,34827.0,856,2.52%,78032,34837.0,79188.0,34829,34834,34956,17068,,一般,,day
2026/02/25,TX,202603,35243.0,35777.0,35065.0,35490.0,653,1.87%,86639,35489.0,81147.0,35490,35491,35777,17068,,一般,,day
2026/02/25,TX,202603,34844.0,35387.0,34817.0,35215.0,378,1.09%,55412,,,35212,35220,35387,17068,,盤後,,after
2026/02/26,TX,202603,35478.0,35730.0,35444.0,35655.0,166,0.47%,40395,,,35646,35654,35777,17068,,盤後,,after
2026/02/26,TX,202603,35522.0,35755.0,35348.0,35604.0,115,0.32%,71915,35611.0,82090.0,35603,35606,35777,17068,,一般,,day
2026/03/02,TX,202603,34744.0,35495.0,34722.0,35232.0,-379,-1.06%,83451,35238.0,81723.0,35232,35236,35879,17068,,一般,,day
2026/03/02,TX,202603,35638.0,35879.0,34910.0,35086.0,-525,-1.47%,82188,,,35080,35086,35879,17068,,盤後,,after
2026/03/03,TX,202603,35018.0,35320.0,34314.0,34325.0,-913,-2.59%,112098,34331.0,81924.0,34327,34330,35879,17068,,一般,,day
2026/03/03,TX,202603,35099.0,35366.0,34621.0,35175.0,-63,-0.18%,93330,,,35173,35179,35879,17068,,盤後,,after
2026/03/04,TX,202603,33461.0,33666.0,32679.0,32834.0,-1497,-4.36%,153854,32871.0,80836.0,32825,32834,35879,17068,,一般,,day
2026/03/04,TX,202603,34319.0,34444.0,32834.0,33548.0,-783,-2.28%,148908,,,33542,33550,35879,17068,,盤後,,after
2026/03/05,TX,202603,33911.0,34294.0,33392.0,33639.0,768,2.34%,117939,33666.0,77062.0,33639,33644,35879,17068,,一般,,day
2026/03/05,TX,202603,32899.0,33845.0,32804.0,33735.0,864,2.63%,90497,,,33726,33740,35879,17068,,盤後,,after
2026/03/06,TX,202603,33695.0,33799.0,32820.0,33288.0,-378,-1.12%,135936,,,33267,33305,35879,17068,,盤後,,after
2026/03/06,TX,202603,33360.0,33888.0,33296.0,33704.0,38,0.11%,78813,33703.0,77462.0,33705,33709,35879,17068,,一般,,day
2026/03/09,TX,202603,33709.0,33792.0,32494.0,32673.0,-1030,-3.06%,118813,,,32655,32673,35879,17068,,盤後,,after
2026/03/09,TX,202603,31730.0,32111.0,31124.0,31786.0,-1917,-5.69%,117924,31902.0,73763.0,31781,31786,35879,17068,,一般,,day
2026/03/10,TX,202603,31905.0,33530.0,31756.0,33414.0,1512,4.74%,90480,,,33406,33415,35879,17068,,盤後,,after
2026/03/10,TX,202603,33242.0,33329.0,32374.0,32696.0,794,2.49%,106333,32717.0,72741.0,32698,32703,35879,17068,,一般,,day
2026/03/11,TX,202603,32771.0,33499.0,32711.0,33105.0,388,1.19%,104350,,,33098,33105,35879,17068,,盤後,,after
2026/03/11,TX,202603,33341.0,34185.0,33277.0,33985.0,1268,3.88%,79384,34004.0,77678.0,33980,33985,35879,17068,,一般,,day
2026/03/12,TX,202603,33678.0,33939.0,33326.0,33530.0,-474,-1.39%,78520,33512.0,74241.0,33528,33531,35879,17068,,一般,,day
2026/03/12,TX,202603,33942.0,34006.0,33515.0,33707.0,-297,-0.87%,87152,,,33706,33728,35879,17068,,盤後,,after
2026/03/13,TX,202603,32664.0,33518.0,32663.0,33315.0,-197,-0.59%,84529,33304.0,70549.0,33311,33316,35879,17068,,一般,,day
2026/03/13,TX,202603,33630.0,33840.0,32442.0,32442.0,-1070,-3.19%,98937,,,32441,32446,35879,17068,,盤後,,after
2026/03/16,TX,202603,33460.0,33723.0,33077.0,33250.0,-54,-0.16%,107940,33264.0,43657.0,33250,33260,35879,17068,,一般,,day
2026/03/16,TX,202603,33013.0,33663.0,32680.0,32815.0,-489,-1.47%,105955,,,32817,32853,35879,17068,,盤後,,after
2026/03/17,TX,202603,33616.0,34017.0,33593.0,33795.0,531,1.60%,77658,33801.0,24545.0,33795,33798,35879,17068,,一般,,day
2026/03/17,TX,202603,33370.0,33889.0,33100.0,33685.0,421,1.27%,57485,,,33684,33692,35879,17068,,盤後,,after
2026/03/18,TX,202604,34351.0,34580.0,34247.0,34551.0,634,1.87%,42935,34558.0,67799.0,34545,34562,35968,31227,,一般,,day
2026/03/18,TX,202603,33614.0,34225.0,33502.0,34101.0,300,0.89%,46685,,,34092,34101,35879,17068,,盤後,,after
2026/03/19,TX,202604,33898.0,34083.0,33537.0,33553.0,-1005,-2.91%,70707,33559.0,72389.0,33546,33556,35968,31227,,一般,,day
2026/03/19,TX,202604,34560.0,34734.0,33613.0,33897.0,-661,-1.91%,76539,,,33811,33898,35968,31227,,盤後,,after
2026/03/20,TX,202604,33809.0,33888.0,33371.0,33559.0,0,0.00%,78064,33559.0,70587.0,33559,33574,35968,31227,,一般,,day
2026/03/20,TX,202604,33550.0,33809.0,32856.0,33782.0,223,0.66%,100009,,,33777,33782,35968,31227,,盤後,,after
2026/03/23,TX,202604,32501.0,32890.0,32213.0,32532.0,-1027,-3.06%,85507,32559.0,71403.0,32530,32537,35968,31227,,一般,,day
2026/03/23,TX,202604,33408.0,33744.0,32550.0,32737.0,-822,-2.45%,88226,,,32733,32746,35968,31227,,盤後,,after
2026/03/24,TX,202604,33280.0,33393.0,32342.0,32771.0,212,0.65%,92474,32781.0,70222.0,32771,32775,35968,31227,,一般,,day
2026/03/24,TX,202604,32220.0,33989.0,32100.0,33618.0,1059,3.25%,117893,,,33594,33618,35968,31227,,盤後,,after
2026/03/25,TX,202604,33786.0,33880.0,33444.0,33638.0,857,2.61%,65796,33623.0,71475.0,33621,33635,35968,31227,,一般,,day
2026/03/25,TX,202604,33086.0,33600.0,32785.0,33459.0,678,2.07%,85273,,,33440,33459,35968,31227,,盤後,,after
2026/03/26,TX,202604,33855.0,34024.0,33347.0,33440.0,-183,-0.54%,68947,33441.0,71761.0,33433,33441,35968,31227,,一般,,day
2026/03/26,TX,202604,33559.0,33930.0,33456.0,33800.0,177,0.53%,72885,,,33791,33800,35968,31227,,盤後,,after
2026/03/27,TX,202604,32793.0,33243.0,32652.0,33120.0,-321,-0.96%,64049,33126.0,70976.0,33118,33122,35968,31227,,一般,,day
2026/03/27,TX,202604,33474.0,33542.0,32632.0,32807.0,-634,-1.90%,68139,,,32806,32816,35968,31227,,盤後,,after
2026/03/30,TX,202604,32048.0,32712.0,32027.0,32468.0,-658,-1.99%,70743,32480.0,70619.0,32471,32477,35968,31227,,一般,,day
2026/03/30,TX,202604,33049.0,33060.0,32244.0,32244.0,-882,-2.66%,71462,,,32243,32256,35968,31227,,盤後,,after
2026/03/31,TX,202604,32000.0,32451.0,31806.0,31979.0,-501,-1.54%,93371,31954.0,71514.0,31964,31979,35968,31227,,一般,,day
2026/03/31,TX,202604,32649.0,32858.0,31902.0,32031.0,-449,-1.38%,66958,,,32031,32041,35968,31227,,盤後,,after
2026/04/01,TX,202604,31943.0,33200.0,31740.0,33084.0,1130,3.54%,86828,,,33078,33085,35968,31227,,盤後,,after
2026/04/01,TX,202604,33049.0,33411.0,32906.0,33402.0,1448,4.53%,65125,33389.0,74778.0,33379,33403,35968,31227,,一般,,day
2026/04/02,TX,202604,33601.0,33880.0,33317.0,33567.0,178,0.53%,70566,,,33561,33569,35968,31227,,盤後,,after
2026/04/02,TX,202604,33676.0,33687.0,32486.0,32487.0,-902,-2.70%,85468,32505.0,71237.0,32487,32503,35968,31227,,一般,,day
2026/04/07,TX,202604,32576.0,33131.0,32192.0,32877.0,372,1.14%,69057,,,32866,32877,35968,31227,,盤後,,after
2026/04/07,TX,202604,33192.0,33377.0,32955.0,33159.0,654,2.01%,51955,33177.0,71552.0,33158,33169,35968,31227,,一般,,day
2026/04/08,TX,202604,33231.0,33596.0,32824.0,33495.0,318,0.96%,79836,,,33486,33495,35968,31227,,盤後,,after
2026/04/08,TX,202604,34651.0,35060.0,34473.0,34996.0,1819,5.48%,74154,35016.0,74508.0,34995,34996,35968,31227,,一般,,day
2026/04/09,TX,202604,35000.0,35348.0,34935.0,35208.0,192,0.55%,57379,,,35207,35217,35968,31227,,盤後,,after
2026/04/09,TX,202604,35032.0,35100.0,34745.0,34932.0,-84,-0.24%,53298,34924.0,72691.0,34930,34936,35968,31227,,一般,,day
2026/04/10,TX,202604,35249.0,35580.0,35215.0,35567.0,643,1.84%,55415,35569.0,71146.0,35567,35571,35968,31227,,一般,,day
2026/04/10,TX,202604,34922.0,35289.0,34765.0,35222.0,298,0.85%,47030,,,35216,35226,35968,31227,,盤後,,after
2026/04/13,TX,202604,35521.0,35748.0,35475.0,35589.0,20,0.06%,38073,,,35588,35594,35968,31227,,盤後,,after
2026/04/13,TX,202604,35280.0,35652.0,35225.0,35457.0,-112,-0.31%,83511,35460.0,38421.0,35455,35458,35968,31227,,一般,,day
2026/04/14,TX,202604,35500.0,36037.0,35455.0,36027.0,567,1.60%,33269,,,36019,36027,36037,31227,,盤後,,after
2026/04/14,TX,202604,36060.0,36430.0,35990.0,36381.0,921,2.60%,71746,36377.0,16844.0,36370,36380,36430,31227,,一般,,day
2026/04/15,TX,202604,36381.0,36738.0,36357.0,36725.0,348,0.96%,27131,,,36710,36725,36738,31227,,盤後,,after
2026/04/15,TX,202605,36997.0,37359.0,36909.0,36977.0,328,0.89%,42753,36985.0,73200.0,36962,36977,37359,31357,,一般,,day
2026/04/16,TX,202605,37019.0,37294.0,37001.0,37226.0,241,0.65%,35783,,,37202,37227,37359,31357,,盤後,,after
2026/04/16,TX,202605,37321.0,37666.0,37086.0,37645.0,660,1.78%,56683,37649.0,77142.0,37644,37645,37666,31357,,一般,,day
2026/04/17,TX,202605,37550.0,37564.0,36927.0,37143.0,-506,-1.34%,60989,,,37136,37149,37666,31357,,盤後,,after
2026/04/17,TX,202605,37145.0,37388.0,37033.0,37083.0,-566,-1.50%,51355,37078.0,78627.0,37085,37089,37666,31357,,一般,,day
2026/04/20,TX,202605,37324.0,37704.0,37209.0,37254.0,176,0.47%,52704,37240.0,79491.0,37252,37256,37993,31357,,一般,,day
2026/04/20,TX,202605,37055.0,37993.0,37042.0,37742.0,664,1.79%,52411,,,37741,37752,37993,31357,,盤後,,after
2026/04/21,TX,202605,37707.0,38159.0,37647.0,38048.0,808,2.17%,63284,38048.0,82127.0,38047,38048,38159,31357,,一般,,day
2026/04/21,TX,202605,37314.0,37692.0,37218.0,37621.0,381,1.02%,43889,,,37603,37621,37993,31357,,盤後,,after
2026/04/22,TX,202605,38150.0,38369.0,37925.0,38206.0,158,0.42%,54740,38216.0,81421.0,38206,38210,38369,31357,,一般,,day
2026/04/22,TX,202605,38110.0,38126.0,37542.0,37904.0,-144,-0.38%,56956,,,37899,37914,38159,31357,,盤後,,after
2026/04/23,TX,202605,38231.0,38750.0,38023.0,38746.0,530,1.39%,38492,,,38745,38750,38750,31357,,盤後,,after
2026/04/23,TX,202605,38686.0,39087.0,37408.0,37875.0,-341,-0.89%,111647,37851.0,78250.0,37869,37882,39087,31357,,一般,,day
2026/04/24,TX,202605,37920.0,38434.0,37643.0,38047.0,196,0.52%,66531,,,38037,38048,39087,31357,,盤後,,after
2026/04/24,TX,202605,38299.0,39244.0,38268.0,39224.0,1373,3.63%,87114,39222.0,79817.0,39212,39223,39244,31357,,一般,,day
2026/04/27,TX,202605,39247.0,39875.0,39130.0,39766.0,544,1.39%,57240,,,39764,39766,39875,31357,,盤後,,after
2026/04/27,TX,202605,39999.0,40458.0,39837.0,39888.0,666,1.70%,80194,39921.0,79918.0,39881,39902,40458,31357,,一般,,day
2026/04/28,TX,202605,39862.0,40050.0,39485.0,39719.0,-202,-0.51%,42663,,,39718,39729,40458,31357,,盤後,,after
2026/04/28,TX,202605,39820.0,40347.0,39661.0,39749.0,-172,-0.43%,63337,39733.0,79804.0,39736,39748,40458,31357,,一般,,day
2026/04/29,TX,202605,39635.0,39854.0,39182.0,39461.0,-272,-0.68%,55589,,,39460,39463,40458,31357,,盤後,,after
2026/04/29,TX,202605,39698.0,39790.0,39123.0,39490.0,-243,-0.61%,59705,39479.0,79818.0,39485,39491,40458,31357,,一般,,day
2026/04/30,TX,202605,39698.0,39937.0,39265.0,39360.0,-119,-0.30%,70719,39342.0,79725.0,39357,39364,40458,31357,,一般,,day
2026/04/30,TX,202605,39480.0,39649.0,39166.0,39337.0,-142,-0.36%,48696,,,39336,39340,40458,31357,,盤後,,after
2026/05/04,TX,202605,39378.0,40234.0,39376.0,40103.0,761,1.93%,56389,,,40100,40115,40458,31357,,盤後,,after
2026/05/04,TX,202605,40440.0,41074.0,40167.0,41031.0,1689,4.29%,63214,41056.0,82619.0,41031,41037,41074,31357,,一般,,day
2026/05/05,TX,202605,40995.0,41185.0,40541.0,40788.0,-268,-0.65%,58129,,,40788,40797,41185,31357,,盤後,,after
2026/05/05,TX,202605,40936.0,41097.0,40798.0,41035.0,-21,-0.05%,41739,41034.0,83828.0,41032,41042,41185,31357,,一般,,day
2026/05/06,TX,202605,41650.0,42005.0,41038.0,41503.0,469,1.14%,83758,41514.0,84612.0,41502,41504,42005,31357,,一般,,day
2026/05/06,TX,202605,41077.0,41569.0,40961.0,41555.0,521,1.27%,45799,,,41553,41559,41569,31357,,盤後,,after
2026/05/07,TX,202605,41445.0,42327.0,41410.0,42320.0,806,1.94%,56177,,,42318,42322,42327,31357,,盤後,,after
2026/05/07,TX,202605,42329.0,42468.0,42005.0,42340.0,826,1.99%,59558,42352.0,86565.0,42341,42346,42468,31357,,一般,,day
2026/05/08,TX,202605,42120.0,42343.0,41539.0,41937.0,-415,-0.98%,66370,41931.0,89587.0,41936,41944,42554,31357,,一般,,day
2026/05/08,TX,202605,42422.0,42554.0,41751.0,41941.0,-411,-0.97%,54697,,,41940,41958,42554,31357,,盤後,,after
2026/05/11,TX,202605,42230.0,42258.0,41802.0,41945.0,14,0.03%,46800,41969.0,89581.0,41945,41953,42554,31357,,一般,,day
2026/05/11,TX,202605,41994.0,42300.0,41668.0,42292.0,361,0.86%,41908,,,42286,42289,42554,31357,,盤後,,after
2026/05/12,TX,202605,41969.0,42367.0,41751.0,42278.0,309,0.74%,46025,,,42272,42279,42554,31357,,盤後,,after
2026/05/12,TX,202605,42200.0,42363.0,41607.0,41695.0,-274,-0.65%,72568,41704.0,87671.0,41692,41696,42554,31357,,一般,,day
2026/05/13,TX,202605,41238.0,41604.0,40984.0,41469.0,-235,-0.56%,73412,41448.0,86783.0,41452,41467,42554,31357,,一般,,day
2026/05/13,TX,202605,41600.0,41700.0,40740.0,41136.0,-568,-1.36%,73828,,,41136,41140,42554,31357,,盤後,,after
2026/05/14,TX,202605,41948.0,42238.0,41497.0,41602.0,154,0.37%,73073,41636.0,83666.0,41602,41623,42554,31357,,一般,,day
2026/05/14,TX,202605,41499.0,41835.0,41204.0,41756.0,308,0.74%,52114,,,41748,41758,42554,31357,,盤後,,after
2026/05/15,TX,202605,41754.0,42377.0,41713.0,42359.0,723,1.74%,52326,,,42353,42360,42554,31357,,盤後,,after
2026/05/15,TX,202605,42282.0,42454.0,40976.0,41012.0,-624,-1.50%,100977,40998.0,75507.0,41005,41011,42554,31357,,一般,,day
2026/05/18,TX,202605,41154.0,41223.0,40448.0,40511.0,-487,-1.19%,71082,,,40510,40523,42554,31357,,盤後,,after
2026/05/18,TX,202605,40200.0,40990.0,40169.0,40807.0,-191,-0.47%,99781,40797.0,42895.0,40799,40804,42554,31357,,一般,,day
2026/05/19,TX,202605,40890.0,40931.0,40188.0,40248.0,-549,-1.35%,86112,40240.0,17052.0,40239,40247,42554,31357,,一般,,day
2026/05/19,TX,202605,40962.0,41450.0,40524.0,40878.0,81,0.20%,65991,,,40878,40896,42554,31357,,盤後,,after
2026/05/20,TX,202606,40282.0,40544.0,40005.0,40134.0,-265,-0.66%,46223,40124.0,80211.0,40120,40134,42669,20819,,一般,,day
2026/05/20,TX,202605,40349.0,40545.0,39735.0,40140.0,-100,-0.25%,54823,,,40137,40153,42554,31357,,盤後,,after
2026/05/21,TX,202606,40270.0,41098.0,40221.0,40990.0,866,2.16%,49228,,,40985,40991,42669,20819,,盤後,,after
2026/05/21,TX,202606,40967.0,41666.0,40957.0,41473.0,1349,3.36%,54092,41503.0,81626.0,41465,41488,42669,20819,,一般,,day
2026/05/22,TX,202606,42196.0,42502.0,41790.0,42442.0,939,2.26%,57547,42455.0,82109.0,42440,42444,42669,20819,,一般,,day
2026/05/22,TX,202606,41313.0,41970.0,41205.0,41791.0,288,0.69%,61852,,,41785,41792,42669,20819,,盤後,,after
2026/05/25,TX,202606,42412.0,42817.0,42330.0,42634.0,179,0.42%,41417,,,42622,42635,42817,20819,,盤後,,after
2026/05/25,TX,202606,43195.0,44050.0,43004.0,43877.0,1422,3.35%,58040,43870.0,86161.0,43871,43877,44050,20819,,一般,,day
2026/05/26,TX,202606,44274.0,44280.0,43619.0,43893.0,23,0.05%,57331,43864.0,87668.0,43893,43895,44399,20819,,一般,,day
2026/05/26,TX,202606,43870.0,44399.0,43806.0,44389.0,519,1.18%,24420,,,44381,44390,44399,20819,,盤後,,after
2026/05/27,TX,202606,43947.0,44500.0,43787.0,44438.0,574,1.31%,42235,,,44431,44450,44500,20819,,盤後,,after
2026/05/27,TX,202606,44490.0,45299.0,44336.0,44798.0,934,2.13%,83854,44794.0,88791.0,44787,44798,45299,20819,,一般,,day
2026/05/28,TX,202606,45174.0,45348.0,43458.0,43842.0,-952,-2.13%,98081,43839.0,92824.0,43840,43848,45632,20819,,一般,,day
2026/05/28,TX,202606,44662.0,45632.0,44606.0,45239.0,445,0.99%,78853,,,45225,45240,45632,20819,,盤後,,after
2026/05/29,TX,202606,44655.0,45471.0,44655.0,45285.0,1446,3.30%,66493,45315.0,91961.0,45290,45308,45632,20819,,一般,,day
2026/05/29,TX,202606,43964.0,44894.0,43946.0,44789.0,950,2.17%,60558,,,44788,44793,45632,20819,,盤後,,after
2026/06/01,TX,202606,45363.0,45592.0,44858.0,45069.0,-246,-0.54%,54773,,,45056,45070,45632,20819,,盤後,,after
2026/06/01,TX,202606,45483.0,46465.0,45405.0,46035.0,720,1.59%,75635,46041.0,94962.0,46038,46048,46465,20819,,一般,,day
2026/06/02,TX,202606,46145.0,46228.0,45333.0,46087.0,46,0.10%,73548,46103.0,96365.0,46087,46101,46746,20819,,一般,,day
2026/06/02,TX,202606,46080.0,46746.0,45745.0,46546.0,505,1.10%,60755,,,46545,46555,46746,20819,,盤後,,after
2026/06/03,TX,202606,46718.0,46994.0,46550.0,46868.0,765,1.66%,56092,46857.0,96784.0,46846,46865,46994,20819,,一般,,day
2026/06/03,TX,202606,46245.0,46784.0,46178.0,46686.0,583,1.26%,43443,,,46685,46695,46784,20819,,盤後,,after
2026/06/04,TX,202606,46505.0,46587.0,46140.0,46294.0,-563,-1.20%,59484,46310.0,98581.0,46296,46309,46994,20819,,一般,,day
2026/06/04,TX,202606,46790.0,46989.0,46337.0,46537.0,-320,-0.68%,52774,,,46537,46548,46994,20819,,盤後,,after
2026/06/05,TX,202606,45668.0,45785.0,44655.0,45211.0,-1099,-2.37%,97457,45226.0,96005.0,45193,45215,46994,20819,,一般,,day
2026/06/05,TX,202606,46372.0,46550.0,45476.0,46342.0,32,0.07%,73586,,,46321,46343,46994,20819,,盤後,,after
2026/06/08,TX,202606,45101.0,45311.0,40779.0,42220.0,-3006,-6.65%,107378,,,42220,42260,46994,20819,,盤後,,after
2026/06/08,TX,202606,42344.0,43655.0,42225.0,43080.0,-2146,-4.75%,108149,43083.0,91436.0,43056,43081,46994,20819,,一般,,day
2026/06/09,TX,202606,43288.0,44288.0,43215.0,43999.0,916,2.13%,73636,,,43983,44000,46994,20819,,盤後,,after
2026/06/09,TX,202606,43661.0,44750.0,43552.0,44665.0,1582,3.67%,73328,44677.0,86704.0,44655,44665,46994,20819,,一般,,day
2026/06/10,TX,202606,44700.0,45073.0,42334.0,43878.0,-799,-1.79%,121791,,,43851,43878,46994,20819,,盤後,,after
2026/06/10,TX,202606,43839.0,44481.0,43126.0,43422.0,-1255,-2.81%,94590,43367.0,82895.0,43421,43443,46994,20819,,一般,,day
2026/06/11,TX,202606,42643.0,43509.0,42050.0,43241.0,-126,-0.29%,103003,43219.0,77902.0,43232,43242,46994,20819,,一般,,day
2026/06/11,TX,202606,43588.0,43973.0,42460.0,42615.0,-752,-1.73%,117269,,,42608,42616,46994,20819,,盤後,,after
2026/06/12,TX,202606,44929.0,44931.0,44045.0,44188.0,969,2.24%,80412,44217.0,71366.0,44189,44200,46994,20819,,一般,,day
2026/06/12,TX,202606,43375.0,44596.0,43000.0,44382.0,1163,2.69%,88271,,,44385,44389,46994,20819,,盤後,,after
2026/06/15,TX,202606,45750.0,45905.0,45340.0,45580.0,1363,3.08%,93560,45597.0,44213.0,45580,45597,46994,20819,,一般,,day
2026/06/15,TX,202606,43953.0,44808.0,43712.0,44704.0,487,1.10%,67536,,,44699,44705,46994,20819,,盤後,,after
2026/06/16,TX,202606,45547.0,46263.0,45546.0,46246.0,649,1.42%,35755,,,46245,46250,46994,20819,,盤後,,after
2026/06/16,TX,202606,46124.0,46198.0,45463.0,45772.0,175,0.38%,78609,45764.0,21508.0,45772,45775,46994,20819,,一般,,day
2026/06/17,TX,202607,45410.0,46065.0,45215.0,46031.0,192,0.42%,40018,46011.0,90086.0,46029,46035,47013,36972,,一般,,day
2026/06/17,TX,202606,45835.0,45933.0,44926.0,45020.0,-744,-1.63%,43078,,,45020,45030,46994,20819,,盤後,,after
2026/06/18,TX,202607,46470.0,46778.0,46260.0,46769.0,758,1.65%,60125,46752.0,92786.0,46753,46773,47013,36972,,一般,,day
2026/06/18,TX,202607,46098.0,46640.0,45712.0,46036.0,25,0.05%,58875,,,46035,46041,47013,36972,,盤後,,after
2026/06/22,TX,202607,46751.0,47620.0,46729.0,47565.0,813,1.74%,40750,,,47565,47575,47620,36972,,盤後,,after
2026/06/22,TX,202607,47460.0,48476.0,47371.0,48413.0,1661,3.55%,58587,48428.0,97365.0,48414,48438,48476,36972,,一般,,day
2026/06/23,TX,202607,48531.0,49240.0,48488.0,48883.0,455,0.94%,44537,,,48858,48893,49240,36972,,盤後,,after
2026/06/23,TX,202607,48650.0,48711.0,47404.0,47436.0,-992,-2.05%,78573,47437.0,100889.0,47429,47443,49240,36972,,一般,,day
2026/06/24,TX,202607,46940.0,47072.0,46022.0,46207.0,-1230,-2.59%,73379,,,46201,46217,49240,36972,,盤後,,after
2026/06/24,TX,202607,46858.0,47067.0,45898.0,46387.0,-1050,-2.21%,96199,46407.0,104070.0,46369,46386,49240,36972,,一般,,day
2026/06/25,TX,202607,46993.0,46997.0,46091.0,46544.0,137,0.30%,70863,46527.0,101138.0,46544,46554,49240,36972,,一般,,day
2026/06/25,TX,202607,46361.0,46914.0,45063.0,46910.0,503,1.08%,84895,,,46898,46911,49240,36972,,盤後,,after
2026/06/26,TX,202607,46430.0,46884.0,45311.0,45805.0,-722,-1.55%,93096,,,45804,45806,49240,36972,,盤後,,after
2026/06/26,TX,202607,45709.0,45922.0,44264.0,44373.0,-2154,-4.63%,102163,44452.0,101073.0,44372,44401,49240,36972,,一般,,day
2026/06/29,TX,202607,44900.0,45371.0,44135.0,44995.0,543,1.22%,68847,,,44994,45007,49240,36972,,盤後,,after
2026/06/29,TX,202607,44799.0,45637.0,44373.0,45550.0,1098,2.47%,73327,45556.0,100919.0,45556,45557,49240,36972,,一般,,day
2026/06/30,TX,202607,46100.0,46883.0,45922.0,46730.0,1174,2.58%,65773,46779.0,104145.0,46727,46740,49240,36972,,一般,,day
2026/06/30,TX,202607,45580.0,46475.0,45038.0,46361.0,805,1.77%,58478,,,46355,46377,49240,36972,,盤後,,after
2026/07/01,TX,202607,46684.0,47520.0,46365.0,47428.0,649,1.39%,39982,,,47424,47430,49240,36972,,盤後,,after
2026/07/01,TX,202607,47516.0,47695.0,46895.0,47231.0,452,0.97%,58097,47221.0,105030.0,47204,47232,49240,36972,,一般,,day
2026/07/02,TX,202607,47170.0,47548.0,46138.0,46354.0,-867,-1.84%,58217,,,46351,46354,49240,36972,,盤後,,after
2026/07/02,TX,202607,46200.0,46987.0,45780.0,46599.0,-622,-1.32%,66083,46606.0,104510.0,46598,46606,49240,36972,,一般,,day
2026/07/03,TX,202607,46300.0,47223.0,45271.0,45668.0,-938,-2.01%,86249,,,45668,45702,49240,36972,,盤後,,after
2026/07/03,TX,202607,45700.0,47084.0,45608.0,46966.0,360,0.77%,58841,47000.0,103141.0,46965,46988,49240,36972,,一般,,day
2026/07/06,TX,202607,47030.0,47472.0,46531.0,47116.0,116,0.25%,23741,,,47091,47116,49240,36972,,盤後,,after
2026/07/06,TX,202607,47280.0,47547.0,46581.0,46886.0,-114,-0.24%,59366,46874.0,100870.0,46883,46886,49240,36972,,一般,,day
2026/07/07,TX,202607,47000.0,47500.0,46756.0,47340.0,466,0.99%,35769,,,47338,47353,49240,36972,,盤後,,after
2026/07/07,TX,202607,47000.0,47187.0,45599.0,45775.0,-1099,-2.34%,86627,45695.0,100160.0,45753,45773,49240,36972,,一般,,day
2026/07/08,TX,202607,45606.0,45960.0,45240.0,45564.0,-131,-0.29%,75442,45563.0,96273.0,45545,45565,49240,36972,,一般,,day
2026/07/08,TX,202607,45965.0,46003.0,44904.0,45207.0,-488,-1.07%,61514,,,45209,45229,49240,36972,,盤後,,after
2026/07/09,TX,202607,46008.0,46158.0,45331.0,45678.0,115,0.25%,73407,45648.0,91340.0,45677,45682,49240,36972,,一般,,day
2026/07/09,TX,202607,45458.0,45984.0,44575.0,45727.0,164,0.36%,72702,,,45730,45746,49240,36972,,盤後,,after
2026/07/13,TX,202607,45800.0,46495.0,45701.0,46281.0,633,1.39%,45509,,,46240,46282,49240,36972,,盤後,,after
2026/07/13,TX,202607,46222.0,46378.0,45251.0,45617.0,-31,-0.07%,115784,45565.0,53129.0,45610,45622,49240,36972,,一般,,day
2026/07/14,TX,202607,45534.0,45888.0,45032.0,45058.0,-507,-1.11%,43394,,,45048,45059,49240,36972,,盤後,,after
2026/07/14,TX,202607,45046.0,45464.0,43852.0,44815.0,-750,-1.65%,126891,44790.0,20062.0,44796,44815,49240,36972,,一般,,day
2026/07/15,TX,202607,44778.0,45350.0,44648.0,45015.0,225,0.50%,35067,,,45021,45042,49240,36972,,盤後,,after
2026/07/15,TX,202608,45652.0,46169.0,45406.0,46050.0,905,2.00%,45252,46066.0,101230.0,46047,46051,49470,41300,,一般,,day
2026/07/16,TX,202608,45519.0,46248.0,45191.0,45700.0,-366,-0.79%,70808,45691.0,106669.0,45694,45722,49470,41300,,一般,,day
2026/07/16,TX,202608,46120.0,46260.0,45216.0,45817.0,-249,-0.54%,53394,,,45815,45830,49470,41300,,盤後,,after
2026/07/17,TX,202608,45450.0,45450.0,44464.0,44715.0,-976,-2.14%,57782,,,44708,44715,49470,41300,,盤後,,after
2026/07/17,TX,202608,44250.0,44512.0,42527.0,42725.0,-2966,-6.49%,103520,42604.0,110864.0,42696,42728,49470,41300,,一般,,day
2026/07/20,TX,202608,42700.0,43771.0,42173.0,43481.0,877,2.06%,68086,,,43480,43496,49470,41300,,盤後,,after
2026/07/20,TX,202608,43500.0,43500.0,42457.0,42641.0,37,0.09%,85444,42662.0,107003.0,42639,42645,49470,41300,,一般,,day
2026/07/21,TX,202608,43297.0,44404.0,43197.0,44377.0,1715,4.02%,61234,44375.0,106920.0,44370,44376,49470,41300,,一般,,day
2026/07/21,TX,202608,42641.0,43592.0,42640.0,42979.0,317,0.74%,42192,,,42949,42975,49470,41300,,盤後,,after
2026/07/22,TX,202608,45000.0,45364.0,44613.0,44631.0,256,0.58%,66011,44645.0,103996.0,44621,44627,49470,41300,,一般,,day
2026/07/22,TX,202608,44573.0,44998.0,44414.0,44961.0,586,1.32%,31985,,,44955,44960,49470,41300,,盤後,,after
2026/07/23,TX,202608,44453.0,45205.0,44395.0,45034.0,389,0.87%,36773,,,45020,45035,49470,41300,,盤後,,after
2026/07/23,TX,202608,45310.0,45339.0,44445.0,44930.0,285,0.64%,54342,44912.0,103097.0,44930,44935,49470,41300,,一般,,day
2026/07/24,TX,202608,44853.0,45028.0,43839.0,44391.0,-521,-1.16%,53440,,,44390,44408,49470,41300,,盤後,,after
2026/07/24,TX,202608,44166.0,44499.0,43640.0,43905.0,-1007,-2.24%,69395,43814.0,102415.0,43905,43919,49470,41300,,一般,,day
2026/07/27,TX,202608,43888.0,44083.0,43176.0,43907.0,93,0.21%,66041,43880.0,103970.0,43901,43907,49470,41300,,一般,,day
2026/07/27,TX,202608,43820.0,44306.0,43275.0,43369.0,-445,-1.02%,51323,,,43368,43385,49470,41300,,盤後,,after
2026/07/28,TX,202608,42569.0,42627.0,41516.0,41613.0,-2267,-5.17%,81786,41573.0,104993.0,41609,41614,49470,41300,,一般,,day
2026/07/28,TX,202608,43956.0,44241.0,42787.0,43172.0,-708,-1.61%,53743,,,43170,43182,49470,41300,,盤後,,after
2026/07/29,TX,202608,41779.0,42108.0,41178.0,41889.0,316,0.76%,54682,,,41879,41908,49470,41178,,盤後,,after
2026/07/29,TX,202608,41915.0,42070.0,39442.0,40392.0,-1181,-2.84%,124405,40328.0,108507.0,40364,40385,49470,39442,,一般,,day
2026/07/30,TX,202608,40007.0,41266.0,39701.0,40270.0,-58,-0.14%,103235,40286.0,108640.0,40264,40271,49470,39442,,一般,,day
2026/07/30,TX,202608,40661.0,41236.0,39447.0,39645.0,-683,-1.69%,68587,,,39645,39650,49470,39442,,盤後,,after
2026/07/31,TX,202608,42331.0,43951.0,42305.0,43678.0,3392,8.42%,91473,43727.0,111302.0,43676,43688,49470,39442,,一般,,day
2026/07/31,TX,202608,40035.0,41874.0,39866.0,41859.0,1573,3.90%,49738,,,41835,41860,49470,39442,,盤後,,after
2026/08/03,TX,202608,43519.0,43873.0,42086.0,42650.0,-1077,-2.46%,69668,,,42650,42666,49470,39442,,盤後,,after
2026/08/03,TX,202608,43186.0,43836.0,42989.0,43230.0,-497,-1.14%,69550,43219.0,109589.0,43231,43247,49470,39442,,一般,,day
2026/08/04,TX,202608,42750.0,43790.0,42553.0,43357.0,138,0.32%,73478,43344.0,106602.0,43355,43359,49470,39442,,一般,,day
2026/08/04,TX,202608,43003.0,43165.0,42104.0,43152.0,-67,-0.16%,51504,,,43138,43152,49470,39442,,盤後,,after
2026/08/05,TX,202608,43453.0,44726.0,43233.0,44539.0,1195,2.76%,46662,,,44516,44539,49470,39442,,盤後,,after
2026/08/05,TX,202608,44653.0,44923.0,44219.0,44514.0,1170,2.70%,67212,44537.0,106247.0,44514,44530,49470,39442,,一般,,day
2026/08/06,TX,202608,44580.0,44644.0,44098.0,44278.0,-259,-0.58%,44860,,,44278,44288,49470,39442,,盤後,,after
2026/08/06,TX,202608,44177.0,44494.0,43843.0,44280.0,-257,-0.58%,55986,44258.0,106827.0,44272,44284,49470,39442,,一般,,day
2026/08/07,TX,202608,44588.0,44744.0,43923.0,44349.0,91,0.21%,56058,44297.0,102679.0,44347,44353,49470,39442,,一般,,day
2026/08/07,TX,202608,44129.0,44873.0,43800.0,44543.0,285,0.64%,48375,,,44529,44543,49470,39442,,盤後,,after
2026/08/10,TX,202608,44985.0,45219.0,44668.0,44987.0,690,1.56%,49606,44990.0,101913.0,44987,44998,49470,39442,,一般,,day
2026/08/10,TX,202608,44362.0,45246.0,44362.0,45033.0,736,1.66%,41042,,,45031,45039,49470,39442,,盤後,,after
2026/08/11,TX,202608,45000.0,45179.0,44642.0,44719.0,-271,-0.60%,28989,,,44708,44737,49470,39442,,盤後,,after
2026/08/11,TX,202608,44761.0,45200.0,44570.0,45090.0,100,0.22%,50327,45085.0,99034.0,45078,45089,49470,39442,,一般,,day
2026/08/12,TX,202608,44937.0,45520.0,44830.0,45279.0,194,0.43%,36518,,,45266,45285,49470,39442,,盤後,,after
2026/08/12,TX,202608,45350.0,45561.0,45156.0,45528.0,443,0.98%,48409,45516.0,95311.0,45519,45527,49470,39442,,一般,,day
2026/08/13,TX,202608,46120.0,46250.0,45840.0,46005.0,489,1.07%,43260,46025.0,92571.0,46005,46009,49470,39442,,一般,,day
2026/08/13,TX,202608,45600.0,46312.0,45590.0,46117.0,601,1.32%,35208,,,46108,46124,49470,39442,,盤後,,after
2026/08/14,TX,202608,46466.0,46470.0,45676.0,45841.0,-184,-0.40%,57509,45812.0,84339.0,45839,45846,49470,39442,,一般,,day
2026/08/14,TX,202608,45950.0,46574.0,45878.0,46389.0,364,0.79%,27782,,,46378,46390,49470,39442,,盤後,,after
2026/08/17,TX,202608,45852.0,45968.0,45551.0,45727.0,-85,-0.19%,24791,,,45720,45735,49470,39442,,盤後,,after
2026/08/17,TX,202608,45850.0,46140.0,45738.0,45888.0,76,0.17%,79450,45867.0,51167.0,45886,45894,49470,39442,,一般,,day
2026/08/18,TX,202608,46000.0,46297.0,45747.0,45811.0,-56,-0.12%,25712,,,45787,45817,49470,39442,,盤後,,after
2026/08/18,TX,202608,45967.0,45977.0,45070.0,45085.0,-782,-1.70%,83392,45088.0,20738.0,45081,45085,49470,39442,,一般,,day
2026/08/19,TX,202608,45137.0,45208.0,44424.0,44527.0,-561,-1.24%,28126,,,44523,44540,49470,39442,,盤後,,after
2026/08/19,TX,202609,44330.0,44876.0,44300.0,44528.0,-645,-1.43%,42374,44500.0,100399.0,44525,44530,49651,24962,,一般,,day
2026/08/20,TX,202609,44631.0,45196.0,44538.0,44802.0,302,0.68%,41519,,,44778,44802,49651,24962,,盤後,,after
2026/08/20,TX,202609,44950.0,45122.0,44448.0,44868.0,368,0.83%,53693,44903.0,102620.0,44866,44872,49651,24962,,一般,,day
2026/08/21,TX,202609,44982.0,45000.0,44261.0,44804.0,-99,-0.22%,41595,,,44780,44805,49651,24962,,盤後,,after
2026/08/21,TX,202609,44887.0,45294.0,44566.0,45148.0,245,0.55%,51446,45138.0,102342.0,45136,45149,49651,24962,,一般,,day
2026/08/24,TX,202609,45220.0,45474.0,44978.0,45074.0,-64,-0.14%,30890,,,45061,45076,49651,24962,,盤後,,after
2026/08/24,TX,202609,45032.0,45292.0,44609.0,44762.0,-376,-0.83%,43046,44740.0,102558.0,44760,44768,49651,24962,,一般,,day
2026/08/25,TX,202609,44658.0,45015.0,44270.0,44532.0,-208,-0.46%,32394,,,44531,44542,49651,24962,,盤後,,after
2026/08/25,TX,202609,44488.0,45095.0,44146.0,45027.0,287,0.64%,55218,45032.0,102718.0,45026,45032,49651,24962,,一般,,day
2026/08/26,TX,202609,45093.0,45470.0,45020.0,45437.0,405,0.90%,28479,,,45428,45439,49651,24962,,盤後,,after
2026/08/26,TX,202609,45285.0,46027.0,44865.0,46011.0,979,2.17%,57745,46003.0,106112.0,46010,46014,49651,24962,,一般,,day
2026/08/27,TX,202609  ,46002.0,46142.0,45766.0,45993.0,-10,-0.02%,26057,,,45983,45993,49651,24962,,盤後,,after
2026/08/27,TX,202609  ,46175.0,46517.0,46006.0,46078.0,75,0.16%,50701,46064.0,104881.0,46077,46088,49651,24962,,一般,,day
2026/08/28,TX,202609  ,46132.0,46549.0,46036.0,46388.0,324,0.70%,29574,,,46381,46384,49651,24962,,盤後,,after
2026/08/28,TX,202609  ,46366.0,46580.0,46215.0,46357.0,293,0.64%,41611,46357.0,105613.0,46357,46363,49651,24962,,一般,,day
2026/08/31,TX,202609  ,46438.0,46613.0,45826.0,45900.0,-457,-0.99%,35867,,,45898,45900,49651,24962,,盤後,,after
2026/08/31,TX,202609  ,45800.0,46060.0,45415.0,45983.0,-374,-0.81%,53336,45977.0,104409.0,45985,45987,49651,24962,,一般,,day
2026/09/01,TX,202609  ,46126.0,46195.0,45788.0,45978.0,1,0.00%,25137,,,45970,45979,49651,24962,,盤後,,after
2026/09/01,TX,202609  ,46000.0,47220.0,45987.0,47209.0,1232,2.68%,57627,47201.0,104368.0,47208,47215,49651,24962,,一般,,day
2026/09/02,TX,202609  ,47201.0,47343.0,46506.0,46679.0,-522,-1.11%,38354,,,46673,46684,49651,24962,,盤後,,after
2026/09/02,TX,202609  ,46701.0,46746.0,46131.0,46189.0,-1012,-2.14%,46145,46165.0,105419.0,46182,46189,49651,24962,,一般,,day
2026/09/03,TX,202609  ,46200.0,46407.0,45686.0,46336.0,171,0.37%,34200,,,46312,46337,49651,24962,,盤後,,after
2026/09/03,TX,202609  ,46169.0,46472.0,45714.0,45837.0,-328,-0.71%,53082,45819.0,103513.0,45825,45834,49651,24962,,一般,,day
